logger=settings t=2025-09-03T15:12:38.852479153-05:00 level=info msg="Starting Grafana" version=12.1.1 commit=df5de8219b41d1e639e003bf5f3a85913761d167 branch=HEAD compiled=2025-09-03T15:12:38-05:00
logger=settings t=2025-09-03T15:12:38.852743057-05:00 level=info msg="Config loaded from" file=/home/demo/clases/msc/class3/grafana-12.1.1/conf/defaults.ini
logger=settings t=2025-09-03T15:12:38.852765633-05:00 level=info msg=Target target=[all]
logger=settings t=2025-09-03T15:12:38.852778892-05:00 level=info msg="Path Home" path=/home/demo/clases/msc/class3/grafana-12.1.1
logger=settings t=2025-09-03T15:12:38.852788135-05:00 level=info msg="Path Data" path=/home/demo/clases/msc/class3/grafana-12.1.1/data
logger=settings t=2025-09-03T15:12:38.852796798-05:00 level=info msg="Path Logs" path=/home/demo/clases/msc/class3/grafana-12.1.1/data/log
logger=settings t=2025-09-03T15:12:38.852805494-05:00 level=info msg="Path Plugins" path=/home/demo/clases/msc/class3/grafana-12.1.1/data/plugins
logger=settings t=2025-09-03T15:12:38.852813467-05:00 level=info msg="Path Provisioning" path=/home/demo/clases/msc/class3/grafana-12.1.1/conf/provisioning
logger=settings t=2025-09-03T15:12:38.852821352-05:00 level=info msg="App mode production"
logger=featuremgmt t=2025-09-03T15:12:38.853063263-05:00 level=info msg=FeatureToggles logsExploreTableVisualisation=true prometheusAzureOverrideAudience=true addFieldFromCalculationStatFunctions=true dashgpt=true alertRuleRestore=true useSessionStorageForRedirection=true newPDFRendering=true pinNavItems=true recordedQueriesMulti=true logsContextDatasourceUi=true correlations=true dataplaneFrontendFallback=true onPremToCloudMigrations=true cloudWatchNewLabelParsing=true lokiQuerySplitting=true preinstallAutoUpdate=true jaegerBackendMigration=true unifiedRequestLog=true tabularNumbers=true influxdbBackendMigration=true skipTokenRotationIfRecent=true grafanaconThemes=true newFiltersUI=true teamHttpHeadersMimir=true logsInfiniteScrolling=true awsDatasourcesTempCredentials=true improvedExternalSessionHandlingSAML=true groupToNestedTableTransformation=true awsAsyncQueryCaching=true annotationPermissionUpdate=true alertingRuleVersionHistoryRestore=true logsPanelControls=true kubernetesClientDashboardsFolders=true dashboardScene=true tlsMemcached=true azureMonitorPrometheusExemplars=true ssoSettingsLDAP=true publicDashboardsScene=true alertingRuleRecoverDeleted=true transformationsRedesign=true alertingUIOptimizeReducer=true alertingMigrationUI=true pluginsDetailsRightPanel=true alertingNotificationsStepMode=true unifiedStorageSearchPermissionFiltering=true cloudWatchCrossAccountQuerying=true alertingRulePermanentlyDelete=true alertingBulkActionsInUI=true ssoSettingsSAML=true cloudWatchRoundUpEndTime=true alertingImportYAMLUI=true azureMonitorEnableUserAuth=true nestedFolders=true unifiedStorageHistoryPruner=true panelMonitoring=true dashboardSceneSolo=true externalCorePlugins=true newDashboardSharingComponent=true dashboardSceneForViewers=true promQLScope=true logRowsPopoverMenu=true formatString=true improvedExternalSessionHandling=true alertingQueryAndExpressionsStepMode=true lokiLabelNamesQueryApi=true
logger=sqlstore t=2025-09-03T15:12:38.853140753-05:00 level=info msg="Connecting to DB" dbtype=sqlite3
logger=sqlstore t=2025-09-03T15:12:38.853158876-05:00 level=info msg="Creating SQLite database file" path=/home/demo/clases/msc/class3/grafana-12.1.1/data/grafana.db
logger=migrator t=2025-09-03T15:12:38.854390881-05:00 level=info msg="Locking database"
logger=migrator t=2025-09-03T15:12:38.854428918-05:00 level=info msg="Starting DB migrations"
logger=migrator t=2025-09-03T15:12:38.854974893-05:00 level=info msg="Executing migration" id="create migration_log table"
logger=migrator t=2025-09-03T15:12:38.855681402-05:00 level=info msg="Migration successfully executed" id="create migration_log table" duration=705.847µs
logger=migrator t=2025-09-03T15:12:38.903756233-05:00 level=info msg="Executing migration" id="create user table"
logger=migrator t=2025-09-03T15:12:38.904319894-05:00 level=info msg="Migration successfully executed" id="create user table" duration=565.077µs
logger=migrator t=2025-09-03T15:12:38.909298834-05:00 level=info msg="Executing migration" id="add unique index user.login"
logger=migrator t=2025-09-03T15:12:38.909855265-05:00 level=info msg="Migration successfully executed" id="add unique index user.login" duration=557.474µs
logger=migrator t=2025-09-03T15:12:38.954928075-05:00 level=info msg="Executing migration" id="add unique index user.email"
logger=migrator t=2025-09-03T15:12:38.955533585-05:00 level=info msg="Migration successfully executed" id="add unique index user.email" duration=607.145µs
logger=migrator t=2025-09-03T15:12:38.960222091-05:00 level=info msg="Executing migration" id="drop index UQE_user_login - v1"
logger=migrator t=2025-09-03T15:12:38.960711204-05:00 level=info msg="Migration successfully executed" id="drop index UQE_user_login - v1" duration=489.881µs
logger=migrator t=2025-09-03T15:12:38.96529766-05:00 level=info msg="Executing migration" id="drop index UQE_user_email - v1"
logger=migrator t=2025-09-03T15:12:38.965758448-05:00 level=info msg="Migration successfully executed" id="drop index UQE_user_email - v1" duration=459.619µs
logger=migrator t=2025-09-03T15:12:39.010674142-05:00 level=info msg="Executing migration" id="Rename table user to user_v1 - v1"
logger=migrator t=2025-09-03T15:12:39.013638595-05:00 level=info msg="Migration successfully executed" id="Rename table user to user_v1 - v1" duration=2.967367ms
logger=migrator t=2025-09-03T15:12:39.018199392-05:00 level=info msg="Executing migration" id="create user table v2"
logger=migrator t=2025-09-03T15:12:39.018740852-05:00 level=info msg="Migration successfully executed" id="create user table v2" duration=541.915µs
logger=migrator t=2025-09-03T15:12:39.043808678-05:00 level=info msg="Executing migration" id="create index UQE_user_login - v2"
logger=migrator t=2025-09-03T15:12:39.045112-05:00 level=info msg="Migration successfully executed" id="create index UQE_user_login - v2" duration=1.305188ms
logger=migrator t=2025-09-03T15:12:39.049640952-05:00 level=info msg="Executing migration" id="create index UQE_user_email - v2"
logger=migrator t=2025-09-03T15:12:39.05019017-05:00 level=info msg="Migration successfully executed" id="create index UQE_user_email - v2" duration=549.215µs
logger=migrator t=2025-09-03T15:12:39.098740946-05:00 level=info msg="Executing migration" id="copy data_source v1 to v2"
logger=migrator t=2025-09-03T15:12:39.099067619-05:00 level=info msg="Migration successfully executed" id="copy data_source v1 to v2" duration=327.79µs
logger=migrator t=2025-09-03T15:12:39.103559963-05:00 level=info msg="Executing migration" id="Drop old table user_v1"
logger=migrator t=2025-09-03T15:12:39.103970655-05:00 level=info msg="Migration successfully executed" id="Drop old table user_v1" duration=410.3µs
logger=migrator t=2025-09-03T15:12:39.128616073-05:00 level=info msg="Executing migration" id="Add column help_flags1 to user table"
logger=migrator t=2025-09-03T15:12:39.129426466-05:00 level=info msg="Migration successfully executed" id="Add column help_flags1 to user table" duration=799.377µs
logger=migrator t=2025-09-03T15:12:39.153821345-05:00 level=info msg="Executing migration" id="Update user table charset"
logger=migrator t=2025-09-03T15:12:39.15387766-05:00 level=info msg="Migration successfully executed" id="Update user table charset" duration=58.236µs
logger=migrator t=2025-09-03T15:12:39.159060006-05:00 level=info msg="Executing migration" id="Add last_seen_at column to user"
logger=migrator t=2025-09-03T15:12:39.159816272-05:00 level=info msg="Migration successfully executed" id="Add last_seen_at column to user" duration=757.119µs
logger=migrator t=2025-09-03T15:12:39.207299847-05:00 level=info msg="Executing migration" id="Add missing user data"
logger=migrator t=2025-09-03T15:12:39.207512903-05:00 level=info msg="Migration successfully executed" id="Add missing user data" duration=217.023µs
logger=migrator t=2025-09-03T15:12:39.212931071-05:00 level=info msg="Executing migration" id="Add is_disabled column to user"
logger=migrator t=2025-09-03T15:12:39.213657768-05:00 level=info msg="Migration successfully executed" id="Add is_disabled column to user" duration=726.499µs
logger=migrator t=2025-09-03T15:12:39.238907878-05:00 level=info msg="Executing migration" id="Add index user.login/user.email"
logger=migrator t=2025-09-03T15:12:39.239599041-05:00 level=info msg="Migration successfully executed" id="Add index user.login/user.email" duration=692.656µs
logger=migrator t=2025-09-03T15:12:39.264930698-05:00 level=info msg="Executing migration" id="Add is_service_account column to user"
logger=migrator t=2025-09-03T15:12:39.265728999-05:00 level=info msg="Migration successfully executed" id="Add is_service_account column to user" duration=799.743µs
logger=migrator t=2025-09-03T15:12:39.336904915-05:00 level=info msg="Executing migration" id="Update is_service_account column to nullable"
logger=migrator t=2025-09-03T15:12:39.340834308-05:00 level=info msg="Migration successfully executed" id="Update is_service_account column to nullable" duration=3.926909ms
logger=migrator t=2025-09-03T15:12:39.345509562-05:00 level=info msg="Executing migration" id="Add uid column to user"
logger=migrator t=2025-09-03T15:12:39.346133092-05:00 level=info msg="Migration successfully executed" id="Add uid column to user" duration=623.497µs
logger=migrator t=2025-09-03T15:12:39.370906488-05:00 level=info msg="Executing migration" id="Update uid column values for users"
logger=migrator t=2025-09-03T15:12:39.371164834-05:00 level=info msg="Migration successfully executed" id="Update uid column values for users" duration=262.538µs
logger=migrator t=2025-09-03T15:12:39.396249418-05:00 level=info msg="Executing migration" id="Make sure users uid are set"
logger=migrator t=2025-09-03T15:12:39.396496548-05:00 level=info msg="Migration successfully executed" id="Make sure users uid are set" duration=247.369µs
logger=migrator t=2025-09-03T15:12:39.421717817-05:00 level=info msg="Executing migration" id="Add unique index user_uid"
logger=migrator t=2025-09-03T15:12:39.423852949-05:00 level=info msg="Migration successfully executed" id="Add unique index user_uid" duration=2.141255ms
logger=migrator t=2025-09-03T15:12:39.473298168-05:00 level=info msg="Executing migration" id="Add is_provisioned column to user"
logger=migrator t=2025-09-03T15:12:39.47401469-05:00 level=info msg="Migration successfully executed" id="Add is_provisioned column to user" duration=716.242µs
logger=migrator t=2025-09-03T15:12:39.498722063-05:00 level=info msg="Executing migration" id="update login field with orgid to allow for multiple service accounts with same name across orgs"
logger=migrator t=2025-09-03T15:12:39.498988823-05:00 level=info msg="Migration successfully executed" id="update login field with orgid to allow for multiple service accounts with same name across orgs" duration=267.799µs
logger=migrator t=2025-09-03T15:12:39.503162558-05:00 level=info msg="Executing migration" id="update service accounts login field orgid to appear only once"
logger=migrator t=2025-09-03T15:12:39.503454766-05:00 level=info msg="Migration successfully executed" id="update service accounts login field orgid to appear only once" duration=291.133µs
logger=migrator t=2025-09-03T15:12:39.508176413-05:00 level=info msg="Executing migration" id="update login and email fields to lowercase"
logger=migrator t=2025-09-03T15:12:39.508449362-05:00 level=info msg="Migration successfully executed" id="update login and email fields to lowercase" duration=274.817µs
logger=migrator t=2025-09-03T15:12:39.558098132-05:00 level=info msg="Executing migration" id="update login and email fields to lowercase2"
logger=migrator t=2025-09-03T15:12:39.558450666-05:00 level=info msg="Migration successfully executed" id="update login and email fields to lowercase2" duration=352.259µs
logger=migrator t=2025-09-03T15:12:39.583841382-05:00 level=info msg="Executing migration" id="Add index on user.is_service_account and user.last_seen_at"
logger=migrator t=2025-09-03T15:12:39.584366785-05:00 level=info msg="Migration successfully executed" id="Add index on user.is_service_account and user.last_seen_at" duration=526.017µs
logger=migrator t=2025-09-03T15:12:39.609833735-05:00 level=info msg="Executing migration" id="create temp user table v1-7"
logger=migrator t=2025-09-03T15:12:39.61031651-05:00 level=info msg="Migration successfully executed" id="create temp user table v1-7" duration=489.172µs
logger=migrator t=2025-09-03T15:12:39.615001904-05:00 level=info msg="Executing migration" id="create index IDX_temp_user_email - v1-7"
logger=migrator t=2025-09-03T15:12:39.61534723-05:00 level=info msg="Migration successfully executed" id="create index IDX_temp_user_email - v1-7" duration=345.29µs
logger=migrator t=2025-09-03T15:12:39.665594876-05:00 level=info msg="Executing migration" id="create index IDX_temp_user_org_id - v1-7"
logger=migrator t=2025-09-03T15:12:39.666025958-05:00 level=info msg="Migration successfully executed" id="create index IDX_temp_user_org_id - v1-7" duration=431.498µs
logger=migrator t=2025-09-03T15:12:39.670818544-05:00 level=info msg="Executing migration" id="create index IDX_temp_user_code - v1-7"
logger=migrator t=2025-09-03T15:12:39.671176724-05:00 level=info msg="Migration successfully executed" id="create index IDX_temp_user_code - v1-7" duration=358.354µs
logger=migrator t=2025-09-03T15:12:39.696031644-05:00 level=info msg="Executing migration" id="create index IDX_temp_user_status - v1-7"
logger=migrator t=2025-09-03T15:12:39.697365147-05:00 level=info msg="Migration successfully executed" id="create index IDX_temp_user_status - v1-7" duration=1.334756ms
logger=migrator t=2025-09-03T15:12:39.748610623-05:00 level=info msg="Executing migration" id="Update temp_user table charset"
logger=migrator t=2025-09-03T15:12:39.748658409-05:00 level=info msg="Migration successfully executed" id="Update temp_user table charset" duration=49.421µs
logger=migrator t=2025-09-03T15:12:39.774223694-05:00 level=info msg="Executing migration" id="drop index IDX_temp_user_email - v1"
logger=migrator t=2025-09-03T15:12:39.774643041-05:00 level=info msg="Migration successfully executed" id="drop index IDX_temp_user_email - v1" duration=419.256µs
logger=migrator t=2025-09-03T15:12:39.779380939-05:00 level=info msg="Executing migration" id="drop index IDX_temp_user_org_id - v1"
logger=migrator t=2025-09-03T15:12:39.779875031-05:00 level=info msg="Migration successfully executed" id="drop index IDX_temp_user_org_id - v1" duration=489.372µs
logger=migrator t=2025-09-03T15:12:39.806008021-05:00 level=info msg="Executing migration" id="drop index IDX_temp_user_code - v1"
logger=migrator t=2025-09-03T15:12:39.807560847-05:00 level=info msg="Migration successfully executed" id="drop index IDX_temp_user_code - v1" duration=1.553643ms
logger=migrator t=2025-09-03T15:12:39.878875117-05:00 level=info msg="Executing migration" id="drop index IDX_temp_user_status - v1"
logger=migrator t=2025-09-03T15:12:39.880274192-05:00 level=info msg="Migration successfully executed" id="drop index IDX_temp_user_status - v1" duration=1.400005ms
logger=migrator t=2025-09-03T15:12:39.905794838-05:00 level=info msg="Executing migration" id="Rename table temp_user to temp_user_tmp_qwerty - v1"
logger=migrator t=2025-09-03T15:12:39.907194894-05:00 level=info msg="Migration successfully executed" id="Rename table temp_user to temp_user_tmp_qwerty - v1" duration=1.40062ms
logger=migrator t=2025-09-03T15:12:39.931757258-05:00 level=info msg="Executing migration" id="create temp_user v2"
logger=migrator t=2025-09-03T15:12:39.93224983-05:00 level=info msg="Migration successfully executed" id="create temp_user v2" duration=487.386µs
logger=migrator t=2025-09-03T15:12:39.957884666-05:00 level=info msg="Executing migration" id="create index IDX_temp_user_email - v2"
logger=migrator t=2025-09-03T15:12:39.958311095-05:00 level=info msg="Migration successfully executed" id="create index IDX_temp_user_email - v2" duration=426.883µs
logger=migrator t=2025-09-03T15:12:40.011003778-05:00 level=info msg="Executing migration" id="create index IDX_temp_user_org_id - v2"
logger=migrator t=2025-09-03T15:12:40.011431759-05:00 level=info msg="Migration successfully executed" id="create index IDX_temp_user_org_id - v2" duration=429.751µs
logger=migrator t=2025-09-03T15:12:40.015975329-05:00 level=info msg="Executing migration" id="create index IDX_temp_user_code - v2"
logger=migrator t=2025-09-03T15:12:40.017518567-05:00 level=info msg="Migration successfully executed" id="create index IDX_temp_user_code - v2" duration=1.541814ms
logger=migrator t=2025-09-03T15:12:40.022078446-05:00 level=info msg="Executing migration" id="create index IDX_temp_user_status - v2"
logger=migrator t=2025-09-03T15:12:40.022520686-05:00 level=info msg="Migration successfully executed" id="create index IDX_temp_user_status - v2" duration=441.596µs
logger=migrator t=2025-09-03T15:12:40.075378917-05:00 level=info msg="Executing migration" id="copy temp_user v1 to v2"
logger=migrator t=2025-09-03T15:12:40.075794739-05:00 level=info msg="Migration successfully executed" id="copy temp_user v1 to v2" duration=423.131µs
logger=migrator t=2025-09-03T15:12:40.082409457-05:00 level=info msg="Executing migration" id="drop temp_user_tmp_qwerty"
logger=migrator t=2025-09-03T15:12:40.082833428-05:00 level=info msg="Migration successfully executed" id="drop temp_user_tmp_qwerty" duration=424.312µs
logger=migrator t=2025-09-03T15:12:40.107831368-05:00 level=info msg="Executing migration" id="Set created for temp users that will otherwise prematurely expire"
logger=migrator t=2025-09-03T15:12:40.108168513-05:00 level=info msg="Migration successfully executed" id="Set created for temp users that will otherwise prematurely expire" duration=338.562µs
logger=migrator t=2025-09-03T15:12:40.132784934-05:00 level=info msg="Executing migration" id="create star table"
logger=migrator t=2025-09-03T15:12:40.133313832-05:00 level=info msg="Migration successfully executed" id="create star table" duration=536.713µs
logger=migrator t=2025-09-03T15:12:40.184805945-05:00 level=info msg="Executing migration" id="add unique index star.user_id_dashboard_id"
logger=migrator t=2025-09-03T15:12:40.185393648-05:00 level=info msg="Migration successfully executed" id="add unique index star.user_id_dashboard_id" duration=588.425µs
logger=migrator t=2025-09-03T15:12:40.21057942-05:00 level=info msg="Executing migration" id="Add column dashboard_uid in star"
logger=migrator t=2025-09-03T15:12:40.211518431-05:00 level=info msg="Migration successfully executed" id="Add column dashboard_uid in star" duration=939.435µs
logger=migrator t=2025-09-03T15:12:40.236813968-05:00 level=info msg="Executing migration" id="Add column org_id in star"
logger=migrator t=2025-09-03T15:12:40.238877411-05:00 level=info msg="Migration successfully executed" id="Add column org_id in star" duration=2.059225ms
logger=migrator t=2025-09-03T15:12:40.244412185-05:00 level=info msg="Executing migration" id="Add column updated in star"
logger=migrator t=2025-09-03T15:12:40.24677125-05:00 level=info msg="Migration successfully executed" id="Add column updated in star" duration=2.36063ms
logger=migrator t=2025-09-03T15:12:40.320005545-05:00 level=info msg="Executing migration" id="add index in star table on dashboard_uid, org_id and user_id columns"
logger=migrator t=2025-09-03T15:12:40.32215446-05:00 level=info msg="Migration successfully executed" id="add index in star table on dashboard_uid, org_id and user_id columns" duration=2.173202ms
logger=migrator t=2025-09-03T15:12:40.326883513-05:00 level=info msg="Executing migration" id="create org table v1"
logger=migrator t=2025-09-03T15:12:40.327259228-05:00 level=info msg="Migration successfully executed" id="create org table v1" duration=375.617µs
logger=migrator t=2025-09-03T15:12:40.33131634-05:00 level=info msg="Executing migration" id="create index UQE_org_name - v1"
logger=migrator t=2025-09-03T15:12:40.332675887-05:00 level=info msg="Migration successfully executed" id="create index UQE_org_name - v1" duration=1.359283ms
logger=migrator t=2025-09-03T15:12:40.338875568-05:00 level=info msg="Executing migration" id="create org_user table v1"
logger=migrator t=2025-09-03T15:12:40.339792998-05:00 level=info msg="Migration successfully executed" id="create org_user table v1" duration=927.155µs
logger=migrator t=2025-09-03T15:12:40.398897601-05:00 level=info msg="Executing migration" id="create index IDX_org_user_org_id - v1"
logger=migrator t=2025-09-03T15:12:40.400352884-05:00 level=info msg="Migration successfully executed" id="create index IDX_org_user_org_id - v1" duration=1.454502ms
logger=migrator t=2025-09-03T15:12:40.405451396-05:00 level=info msg="Executing migration" id="create index UQE_org_user_org_id_user_id - v1"
logger=migrator t=2025-09-03T15:12:40.40597951-05:00 level=info msg="Migration successfully executed" id="create index UQE_org_user_org_id_user_id - v1" duration=547.107µs
logger=migrator t=2025-09-03T15:12:40.431297486-05:00 level=info msg="Executing migration" id="create index IDX_org_user_user_id - v1"
logger=migrator t=2025-09-03T15:12:40.432568095-05:00 level=info msg="Migration successfully executed" id="create index IDX_org_user_user_id - v1" duration=1.276719ms
logger=migrator t=2025-09-03T15:12:40.437898023-05:00 level=info msg="Executing migration" id="Update org table charset"
logger=migrator t=2025-09-03T15:12:40.437932578-05:00 level=info msg="Migration successfully executed" id="Update org table charset" duration=35.164µs
logger=migrator t=2025-09-03T15:12:40.510330673-05:00 level=info msg="Executing migration" id="Update org_user table charset"
logger=migrator t=2025-09-03T15:12:40.510385746-05:00 level=info msg="Migration successfully executed" id="Update org_user table charset" duration=60.352µs
logger=migrator t=2025-09-03T15:12:40.515676878-05:00 level=info msg="Executing migration" id="Migrate all Read Only Viewers to Viewers"
logger=migrator t=2025-09-03T15:12:40.515813913-05:00 level=info msg="Migration successfully executed" id="Migrate all Read Only Viewers to Viewers" duration=137.251µs
logger=migrator t=2025-09-03T15:12:40.540735809-05:00 level=info msg="Executing migration" id="create dashboard table"
logger=migrator t=2025-09-03T15:12:40.541835387-05:00 level=info msg="Migration successfully executed" id="create dashboard table" duration=1.10103ms
logger=migrator t=2025-09-03T15:12:40.567352553-05:00 level=info msg="Executing migration" id="add index dashboard.account_id"
logger=migrator t=2025-09-03T15:12:40.568481161-05:00 level=info msg="Migration successfully executed" id="add index dashboard.account_id" duration=1.128974ms
logger=migrator t=2025-09-03T15:12:40.620844319-05:00 level=info msg="Executing migration" id="add unique index dashboard_account_id_slug"
logger=migrator t=2025-09-03T15:12:40.622058669-05:00 level=info msg="Migration successfully executed" id="add unique index dashboard_account_id_slug" duration=1.213525ms
logger=migrator t=2025-09-03T15:12:40.628451854-05:00 level=info msg="Executing migration" id="create dashboard_tag table"
logger=migrator t=2025-09-03T15:12:40.628913188-05:00 level=info msg="Migration successfully executed" id="create dashboard_tag table" duration=462.113µs
logger=migrator t=2025-09-03T15:12:40.633995559-05:00 level=info msg="Executing migration" id="add unique index dashboard_tag.dasboard_id_term"
logger=migrator t=2025-09-03T15:12:40.634490299-05:00 level=info msg="Migration successfully executed" id="add unique index dashboard_tag.dasboard_id_term" duration=492.34µs
logger=migrator t=2025-09-03T15:12:40.64081483-05:00 level=info msg="Executing migration" id="drop index UQE_dashboard_tag_dashboard_id_term - v1"
logger=migrator t=2025-09-03T15:12:40.641391551-05:00 level=info msg="Migration successfully executed" id="drop index UQE_dashboard_tag_dashboard_id_term - v1" duration=577.311µs
logger=migrator t=2025-09-03T15:12:40.7000027-05:00 level=info msg="Executing migration" id="Rename table dashboard to dashboard_v1 - v1"
logger=migrator t=2025-09-03T15:12:40.703138848-05:00 level=info msg="Migration successfully executed" id="Rename table dashboard to dashboard_v1 - v1" duration=3.136772ms
logger=migrator t=2025-09-03T15:12:40.863667282-05:00 level=info msg="Executing migration" id="create dashboard v2"
logger=migrator t=2025-09-03T15:12:40.864209392-05:00 level=info msg="Migration successfully executed" id="create dashboard v2" duration=542.838µs
logger=migrator t=2025-09-03T15:12:40.91814513-05:00 level=info msg="Executing migration" id="create index IDX_dashboard_org_id - v2"
logger=migrator t=2025-09-03T15:12:40.918769012-05:00 level=info msg="Migration successfully executed" id="create index IDX_dashboard_org_id - v2" duration=625.623µs
logger=migrator t=2025-09-03T15:12:40.924053304-05:00 level=info msg="Executing migration" id="create index UQE_dashboard_org_id_slug - v2"
logger=migrator t=2025-09-03T15:12:40.924460822-05:00 level=info msg="Migration successfully executed" id="create index UQE_dashboard_org_id_slug - v2" duration=407.703µs
logger=migrator t=2025-09-03T15:12:40.92952916-05:00 level=info msg="Executing migration" id="copy dashboard v1 to v2"
logger=migrator t=2025-09-03T15:12:40.930056966-05:00 level=info msg="Migration successfully executed" id="copy dashboard v1 to v2" duration=527.339µs
logger=migrator t=2025-09-03T15:12:40.934492573-05:00 level=info msg="Executing migration" id="drop table dashboard_v1"
logger=migrator t=2025-09-03T15:12:40.93568831-05:00 level=info msg="Migration successfully executed" id="drop table dashboard_v1" duration=1.195487ms
logger=migrator t=2025-09-03T15:12:40.988258711-05:00 level=info msg="Executing migration" id="alter dashboard.data to mediumtext v1"
logger=migrator t=2025-09-03T15:12:40.988289154-05:00 level=info msg="Migration successfully executed" id="alter dashboard.data to mediumtext v1" duration=32.333µs
logger=migrator t=2025-09-03T15:12:41.013216206-05:00 level=info msg="Executing migration" id="Add column updated_by in dashboard - v2"
logger=migrator t=2025-09-03T15:12:41.016849908-05:00 level=info msg="Migration successfully executed" id="Add column updated_by in dashboard - v2" duration=3.639683ms
logger=migrator t=2025-09-03T15:12:41.042133192-05:00 level=info msg="Executing migration" id="Add column created_by in dashboard - v2"
logger=migrator t=2025-09-03T15:12:41.043076246-05:00 level=info msg="Migration successfully executed" id="Add column created_by in dashboard - v2" duration=947.453µs
logger=migrator t=2025-09-03T15:12:41.068283793-05:00 level=info msg="Executing migration" id="Add column gnetId in dashboard"
logger=migrator t=2025-09-03T15:12:41.069621243-05:00 level=info msg="Migration successfully executed" id="Add column gnetId in dashboard" duration=1.353139ms
logger=migrator t=2025-09-03T15:12:41.117687862-05:00 level=info msg="Executing migration" id="Add index for gnetId in dashboard"
logger=migrator t=2025-09-03T15:12:41.118846874-05:00 level=info msg="Migration successfully executed" id="Add index for gnetId in dashboard" duration=1.158568ms
logger=migrator t=2025-09-03T15:12:41.125171145-05:00 level=info msg="Executing migration" id="Add column plugin_id in dashboard"
logger=migrator t=2025-09-03T15:12:41.126764635-05:00 level=info msg="Migration successfully executed" id="Add column plugin_id in dashboard" duration=1.595186ms
logger=migrator t=2025-09-03T15:12:41.131340681-05:00 level=info msg="Executing migration" id="Add index for plugin_id in dashboard"
logger=migrator t=2025-09-03T15:12:41.131689882-05:00 level=info msg="Migration successfully executed" id="Add index for plugin_id in dashboard" duration=348.457µs
logger=migrator t=2025-09-03T15:12:41.183527672-05:00 level=info msg="Executing migration" id="Add index for dashboard_id in dashboard_tag"
logger=migrator t=2025-09-03T15:12:41.184909174-05:00 level=info msg="Migration successfully executed" id="Add index for dashboard_id in dashboard_tag" duration=1.380851ms
logger=migrator t=2025-09-03T15:12:41.190282593-05:00 level=info msg="Executing migration" id="Update dashboard table charset"
logger=migrator t=2025-09-03T15:12:41.190365001-05:00 level=info msg="Migration successfully executed" id="Update dashboard table charset" duration=82.589µs
logger=migrator t=2025-09-03T15:12:41.195817277-05:00 level=info msg="Executing migration" id="Update dashboard_tag table charset"
logger=migrator t=2025-09-03T15:12:41.195930856-05:00 level=info msg="Migration successfully executed" id="Update dashboard_tag table charset" duration=115.968µs
logger=migrator t=2025-09-03T15:12:41.201134308-05:00 level=info msg="Executing migration" id="Add column folder_id in dashboard"
logger=migrator t=2025-09-03T15:12:41.201912301-05:00 level=info msg="Migration successfully executed" id="Add column folder_id in dashboard" duration=777.755µs
logger=migrator t=2025-09-03T15:12:41.250835172-05:00 level=info msg="Executing migration" id="Add column isFolder in dashboard"
logger=migrator t=2025-09-03T15:12:41.251700931-05:00 level=info msg="Migration successfully executed" id="Add column isFolder in dashboard" duration=866.599µs
logger=migrator t=2025-09-03T15:12:41.256585755-05:00 level=info msg="Executing migration" id="Add column has_acl in dashboard"
logger=migrator t=2025-09-03T15:12:41.257370194-05:00 level=info msg="Migration successfully executed" id="Add column has_acl in dashboard" duration=784.29µs
logger=migrator t=2025-09-03T15:12:41.262116745-05:00 level=info msg="Executing migration" id="Add column uid in dashboard"
logger=migrator t=2025-09-03T15:12:41.262971091-05:00 level=info msg="Migration successfully executed" id="Add column uid in dashboard" duration=853.924µs
logger=migrator t=2025-09-03T15:12:41.288451224-05:00 level=info msg="Executing migration" id="Update uid column values in dashboard"
logger=migrator t=2025-09-03T15:12:41.288680668-05:00 level=info msg="Migration successfully executed" id="Update uid column values in dashboard" duration=229.357µs
logger=migrator t=2025-09-03T15:12:41.334707997-05:00 level=info msg="Executing migration" id="Add unique index dashboard_org_id_uid"
logger=migrator t=2025-09-03T15:12:41.335276843-05:00 level=info msg="Migration successfully executed" id="Add unique index dashboard_org_id_uid" duration=569.109µs
logger=migrator t=2025-09-03T15:12:41.340021324-05:00 level=info msg="Executing migration" id="Remove unique index org_id_slug"
logger=migrator t=2025-09-03T15:12:41.340396-05:00 level=info msg="Migration successfully executed" id="Remove unique index org_id_slug" duration=375.007µs
logger=migrator t=2025-09-03T15:12:41.365463983-05:00 level=info msg="Executing migration" id="Update dashboard title length"
logger=migrator t=2025-09-03T15:12:41.365504508-05:00 level=info msg="Migration successfully executed" id="Update dashboard title length" duration=42.251µs
logger=migrator t=2025-09-03T15:12:41.390109773-05:00 level=info msg="Executing migration" id="Add unique index for dashboard_org_id_title_folder_id"
logger=migrator t=2025-09-03T15:12:41.390555995-05:00 level=info msg="Migration successfully executed" id="Add unique index for dashboard_org_id_title_folder_id" duration=446.615µs
logger=migrator t=2025-09-03T15:12:41.442571613-05:00 level=info msg="Executing migration" id="create dashboard_provisioning"
logger=migrator t=2025-09-03T15:12:41.443007127-05:00 level=info msg="Migration successfully executed" id="create dashboard_provisioning" duration=435.829µs
logger=migrator t=2025-09-03T15:12:41.468345516-05:00 level=info msg="Executing migration" id="Rename table dashboard_provisioning to dashboard_provisioning_tmp_qwerty - v1"
logger=migrator t=2025-09-03T15:12:41.473021211-05:00 level=info msg="Migration successfully executed" id="Rename table dashboard_provisioning to dashboard_provisioning_tmp_qwerty - v1" duration=4.671727ms
logger=migrator t=2025-09-03T15:12:41.479120058-05:00 level=info msg="Executing migration" id="create dashboard_provisioning v2"
logger=migrator t=2025-09-03T15:12:41.479528853-05:00 level=info msg="Migration successfully executed" id="create dashboard_provisioning v2" duration=408.907µs
logger=migrator t=2025-09-03T15:12:41.549114303-05:00 level=info msg="Executing migration" id="create index IDX_dashboard_provisioning_dashboard_id - v2"
logger=migrator t=2025-09-03T15:12:41.550447539-05:00 level=info msg="Migration successfully executed" id="create index IDX_dashboard_provisioning_dashboard_id - v2" duration=1.331649ms
logger=migrator t=2025-09-03T15:12:41.556162888-05:00 level=info msg="Executing migration" id="create index IDX_dashboard_provisioning_dashboard_id_name - v2"
logger=migrator t=2025-09-03T15:12:41.557034335-05:00 level=info msg="Migration successfully executed" id="create index IDX_dashboard_provisioning_dashboard_id_name - v2" duration=861.283µs
logger=migrator t=2025-09-03T15:12:41.561851627-05:00 level=info msg="Executing migration" id="copy dashboard_provisioning v1 to v2"
logger=migrator t=2025-09-03T15:12:41.562032332-05:00 level=info msg="Migration successfully executed" id="copy dashboard_provisioning v1 to v2" duration=180.717µs
logger=migrator t=2025-09-03T15:12:41.566738868-05:00 level=info msg="Executing migration" id="drop dashboard_provisioning_tmp_qwerty"
logger=migrator t=2025-09-03T15:12:41.567018513-05:00 level=info msg="Migration successfully executed" id="drop dashboard_provisioning_tmp_qwerty" duration=279.287µs
logger=migrator t=2025-09-03T15:12:41.617249897-05:00 level=info msg="Executing migration" id="Add check_sum column"
logger=migrator t=2025-09-03T15:12:41.618545088-05:00 level=info msg="Migration successfully executed" id="Add check_sum column" duration=1.296473ms
logger=migrator t=2025-09-03T15:12:41.644081219-05:00 level=info msg="Executing migration" id="Add index for dashboard_title"
logger=migrator t=2025-09-03T15:12:41.644665549-05:00 level=info msg="Migration successfully executed" id="Add index for dashboard_title" duration=585.531µs
logger=migrator t=2025-09-03T15:12:41.669662608-05:00 level=info msg="Executing migration" id="delete tags for deleted dashboards"
logger=migrator t=2025-09-03T15:12:41.669839101-05:00 level=info msg="Migration successfully executed" id="delete tags for deleted dashboards" duration=178.091µs
logger=migrator t=2025-09-03T15:12:41.674525351-05:00 level=info msg="Executing migration" id="delete stars for deleted dashboards"
logger=migrator t=2025-09-03T15:12:41.674689844-05:00 level=info msg="Migration successfully executed" id="delete stars for deleted dashboards" duration=165.912µs
logger=migrator t=2025-09-03T15:12:41.69988756-05:00 level=info msg="Executing migration" id="Add index for dashboard_is_folder"
logger=migrator t=2025-09-03T15:12:41.700526162-05:00 level=info msg="Migration successfully executed" id="Add index for dashboard_is_folder" duration=639.929µs
logger=migrator t=2025-09-03T15:12:41.706264478-05:00 level=info msg="Executing migration" id="Add isPublic for dashboard"
logger=migrator t=2025-09-03T15:12:41.707594633-05:00 level=info msg="Migration successfully executed" id="Add isPublic for dashboard" duration=1.330894ms
logger=migrator t=2025-09-03T15:12:41.71424782-05:00 level=info msg="Executing migration" id="Add deleted for dashboard"
logger=migrator t=2025-09-03T15:12:41.715516648-05:00 level=info msg="Migration successfully executed" id="Add deleted for dashboard" duration=1.272031ms
logger=migrator t=2025-09-03T15:12:41.720758389-05:00 level=info msg="Executing migration" id="Add index for deleted"
logger=migrator t=2025-09-03T15:12:41.721247555-05:00 level=info msg="Migration successfully executed" id="Add index for deleted" duration=489.092µs
logger=migrator t=2025-09-03T15:12:41.782527863-05:00 level=info msg="Executing migration" id="Add column dashboard_uid in dashboard_tag"
logger=migrator t=2025-09-03T15:12:41.783842341-05:00 level=info msg="Migration successfully executed" id="Add column dashboard_uid in dashboard_tag" duration=1.315098ms
logger=migrator t=2025-09-03T15:12:41.806335005-05:00 level=info msg="Executing migration" id="Add column org_id in dashboard_tag"
logger=migrator t=2025-09-03T15:12:41.807719527-05:00 level=info msg="Migration successfully executed" id="Add column org_id in dashboard_tag" duration=1.38533ms
logger=migrator t=2025-09-03T15:12:41.813638233-05:00 level=info msg="Executing migration" id="Add missing dashboard_uid and org_id to dashboard_tag"
logger=migrator t=2025-09-03T15:12:41.813950879-05:00 level=info msg="Migration successfully executed" id="Add missing dashboard_uid and org_id to dashboard_tag" duration=313.564µs
logger=migrator t=2025-09-03T15:12:41.820177463-05:00 level=info msg="Executing migration" id="Add apiVersion for dashboard"
logger=migrator t=2025-09-03T15:12:41.821450645-05:00 level=info msg="Migration successfully executed" id="Add apiVersion for dashboard" duration=1.272917ms
logger=migrator t=2025-09-03T15:12:41.871220327-05:00 level=info msg="Executing migration" id="Add index for dashboard_uid on dashboard_tag table"
logger=migrator t=2025-09-03T15:12:41.87181736-05:00 level=info msg="Migration successfully executed" id="Add index for dashboard_uid on dashboard_tag table" duration=598.107µs
logger=migrator t=2025-09-03T15:12:41.879097375-05:00 level=info msg="Executing migration" id="Add missing dashboard_uid and org_id to star"
logger=migrator t=2025-09-03T15:12:41.879452174-05:00 level=info msg="Migration successfully executed" id="Add missing dashboard_uid and org_id to star" duration=355.552µs
logger=migrator t=2025-09-03T15:12:41.884059689-05:00 level=info msg="Executing migration" id="create data_source table"
logger=migrator t=2025-09-03T15:12:41.884571097-05:00 level=info msg="Migration successfully executed" id="create data_source table" duration=511.207µs
logger=migrator t=2025-09-03T15:12:41.889259553-05:00 level=info msg="Executing migration" id="add index data_source.account_id"
logger=migrator t=2025-09-03T15:12:41.889794551-05:00 level=info msg="Migration successfully executed" id="add index data_source.account_id" duration=535.216µs
logger=migrator t=2025-09-03T15:12:41.939518024-05:00 level=info msg="Executing migration" id="add unique index data_source.account_id_name"
logger=migrator t=2025-09-03T15:12:41.94009595-05:00 level=info msg="Migration successfully executed" id="add unique index data_source.account_id_name" duration=585.955µs
logger=migrator t=2025-09-03T15:12:41.945138943-05:00 level=info msg="Executing migration" id="drop index IDX_data_source_account_id - v1"
logger=migrator t=2025-09-03T15:12:41.945670381-05:00 level=info msg="Migration successfully executed" id="drop index IDX_data_source_account_id - v1" duration=532.204µs
logger=migrator t=2025-09-03T15:12:41.950749249-05:00 level=info msg="Executing migration" id="drop index UQE_data_source_account_id_name - v1"
logger=migrator t=2025-09-03T15:12:41.951254253-05:00 level=info msg="Migration successfully executed" id="drop index UQE_data_source_account_id_name - v1" duration=506.105µs
logger=migrator t=2025-09-03T15:12:42.000114392-05:00 level=info msg="Executing migration" id="Rename table data_source to data_source_v1 - v1"
logger=migrator t=2025-09-03T15:12:42.004052215-05:00 level=info msg="Migration successfully executed" id="Rename table data_source to data_source_v1 - v1" duration=3.938373ms
logger=migrator t=2025-09-03T15:12:42.009913362-05:00 level=info msg="Executing migration" id="create data_source table v2"
logger=migrator t=2025-09-03T15:12:42.010518228-05:00 level=info msg="Migration successfully executed" id="create data_source table v2" duration=605.449µs
logger=migrator t=2025-09-03T15:12:42.016066642-05:00 level=info msg="Executing migration" id="create index IDX_data_source_org_id - v2"
logger=migrator t=2025-09-03T15:12:42.016578887-05:00 level=info msg="Migration successfully executed" id="create index IDX_data_source_org_id - v2" duration=513.318µs
logger=migrator t=2025-09-03T15:12:42.021527356-05:00 level=info msg="Executing migration" id="create index UQE_data_source_org_id_name - v2"
logger=migrator t=2025-09-03T15:12:42.022496716-05:00 level=info msg="Migration successfully executed" id="create index UQE_data_source_org_id_name - v2" duration=970.03µs
logger=migrator t=2025-09-03T15:12:42.071053544-05:00 level=info msg="Executing migration" id="Drop old table data_source_v1 #2"
logger=migrator t=2025-09-03T15:12:42.0722544-05:00 level=info msg="Migration successfully executed" id="Drop old table data_source_v1 #2" duration=1.250454ms
logger=migrator t=2025-09-03T15:12:42.077581929-05:00 level=info msg="Executing migration" id="Add column with_credentials"
logger=migrator t=2025-09-03T15:12:42.080341415-05:00 level=info msg="Migration successfully executed" id="Add column with_credentials" duration=2.757524ms
logger=migrator t=2025-09-03T15:12:42.105695206-05:00 level=info msg="Executing migration" id="Add secure json data column"
logger=migrator t=2025-09-03T15:12:42.107409545-05:00 level=info msg="Migration successfully executed" id="Add secure json data column" duration=1.717174ms
logger=migrator t=2025-09-03T15:12:42.154895988-05:00 level=info msg="Executing migration" id="Update data_source table charset"
logger=migrator t=2025-09-03T15:12:42.155023848-05:00 level=info msg="Migration successfully executed" id="Update data_source table charset" duration=130.368µs
logger=migrator t=2025-09-03T15:12:42.160496744-05:00 level=info msg="Executing migration" id="Update initial version to 1"
logger=migrator t=2025-09-03T15:12:42.160959016-05:00 level=info msg="Migration successfully executed" id="Update initial version to 1" duration=465.485µs
logger=migrator t=2025-09-03T15:12:42.1657561-05:00 level=info msg="Executing migration" id="Add read_only data column"
logger=migrator t=2025-09-03T15:12:42.167846908-05:00 level=info msg="Migration successfully executed" id="Add read_only data column" duration=2.087158ms
logger=migrator t=2025-09-03T15:12:42.172075615-05:00 level=info msg="Executing migration" id="Migrate logging ds to loki ds"
logger=migrator t=2025-09-03T15:12:42.172566623-05:00 level=info msg="Migration successfully executed" id="Migrate logging ds to loki ds" duration=491.737µs
logger=migrator t=2025-09-03T15:12:42.222453404-05:00 level=info msg="Executing migration" id="Update json_data with nulls"
logger=migrator t=2025-09-03T15:12:42.223056411-05:00 level=info msg="Migration successfully executed" id="Update json_data with nulls" duration=602.332µs
logger=migrator t=2025-09-03T15:12:42.228483385-05:00 level=info msg="Executing migration" id="Add uid column"
logger=migrator t=2025-09-03T15:12:42.229403922-05:00 level=info msg="Migration successfully executed" id="Add uid column" duration=920.625µs
logger=migrator t=2025-09-03T15:12:42.233818796-05:00 level=info msg="Executing migration" id="Update uid value"
logger=migrator t=2025-09-03T15:12:42.23395813-05:00 level=info msg="Migration successfully executed" id="Update uid value" duration=139.874µs
logger=migrator t=2025-09-03T15:12:42.238402548-05:00 level=info msg="Executing migration" id="Add unique index datasource_org_id_uid"
logger=migrator t=2025-09-03T15:12:42.238993548-05:00 level=info msg="Migration successfully executed" id="Add unique index datasource_org_id_uid" duration=591.059µs
logger=migrator t=2025-09-03T15:12:42.287972172-05:00 level=info msg="Executing migration" id="add unique index datasource_org_id_is_default"
logger=migrator t=2025-09-03T15:12:42.289377675-05:00 level=info msg="Migration successfully executed" id="add unique index datasource_org_id_is_default" duration=1.403301ms
logger=migrator t=2025-09-03T15:12:42.295224928-05:00 level=info msg="Executing migration" id="Add is_prunable column"
logger=migrator t=2025-09-03T15:12:42.296325127-05:00 level=info msg="Migration successfully executed" id="Add is_prunable column" duration=1.099937ms
logger=migrator t=2025-09-03T15:12:42.301056022-05:00 level=info msg="Executing migration" id="Add api_version column"
logger=migrator t=2025-09-03T15:12:42.302145568-05:00 level=info msg="Migration successfully executed" id="Add api_version column" duration=1.088972ms
logger=migrator t=2025-09-03T15:12:42.306629945-05:00 level=info msg="Executing migration" id="Update secure_json_data column to MediumText"
logger=migrator t=2025-09-03T15:12:42.306665289-05:00 level=info msg="Migration successfully executed" id="Update secure_json_data column to MediumText" duration=37.063µs
logger=migrator t=2025-09-03T15:12:42.35647344-05:00 level=info msg="Executing migration" id="create api_key table"
logger=migrator t=2025-09-03T15:12:42.357766877-05:00 level=info msg="Migration successfully executed" id="create api_key table" duration=1.294316ms
logger=migrator t=2025-09-03T15:12:42.363458427-05:00 level=info msg="Executing migration" id="add index api_key.account_id"
logger=migrator t=2025-09-03T15:12:42.365007709-05:00 level=info msg="Migration successfully executed" id="add index api_key.account_id" duration=1.548375ms
logger=migrator t=2025-09-03T15:12:42.370566206-05:00 level=info msg="Executing migration" id="add index api_key.key"
logger=migrator t=2025-09-03T15:12:42.37097813-05:00 level=info msg="Migration successfully executed" id="add index api_key.key" duration=412.161µs
logger=migrator t=2025-09-03T15:12:42.375703046-05:00 level=info msg="Executing migration" id="add index api_key.account_id_name"
logger=migrator t=2025-09-03T15:12:42.376104804-05:00 level=info msg="Migration successfully executed" id="add index api_key.account_id_name" duration=401.624µs
logger=migrator t=2025-09-03T15:12:42.445512319-05:00 level=info msg="Executing migration" id="drop index IDX_api_key_account_id - v1"
logger=migrator t=2025-09-03T15:12:42.446804682-05:00 level=info msg="Migration successfully executed" id="drop index IDX_api_key_account_id - v1" duration=1.298316ms
logger=migrator t=2025-09-03T15:12:42.452582029-05:00 level=info msg="Executing migration" id="drop index UQE_api_key_key - v1"
logger=migrator t=2025-09-03T15:12:42.452901028-05:00 level=info msg="Migration successfully executed" id="drop index UQE_api_key_key - v1" duration=319.304µs
logger=migrator t=2025-09-03T15:12:42.457967728-05:00 level=info msg="Executing migration" id="drop index UQE_api_key_account_id_name - v1"
logger=migrator t=2025-09-03T15:12:42.458341326-05:00 level=info msg="Migration successfully executed" id="drop index UQE_api_key_account_id_name - v1" duration=373.623µs
logger=migrator t=2025-09-03T15:12:42.463346627-05:00 level=info msg="Executing migration" id="Rename table api_key to api_key_v1 - v1"
logger=migrator t=2025-09-03T15:12:42.468146065-05:00 level=info msg="Migration successfully executed" id="Rename table api_key to api_key_v1 - v1" duration=4.799408ms
logger=migrator t=2025-09-03T15:12:42.516998153-05:00 level=info msg="Executing migration" id="create api_key table v2"
logger=migrator t=2025-09-03T15:12:42.517450811-05:00 level=info msg="Migration successfully executed" id="create api_key table v2" duration=452.756µs
logger=migrator t=2025-09-03T15:12:42.522512456-05:00 level=info msg="Executing migration" id="create index IDX_api_key_org_id - v2"
logger=migrator t=2025-09-03T15:12:42.524264147-05:00 level=info msg="Migration successfully executed" id="create index IDX_api_key_org_id - v2" duration=1.75097ms
logger=migrator t=2025-09-03T15:12:42.52968058-05:00 level=info msg="Executing migration" id="create index UQE_api_key_key - v2"
logger=migrator t=2025-09-03T15:12:42.530170789-05:00 level=info msg="Migration successfully executed" id="create index UQE_api_key_key - v2" duration=492.3µs
logger=migrator t=2025-09-03T15:12:42.534695911-05:00 level=info msg="Executing migration" id="create index UQE_api_key_org_id_name - v2"
logger=migrator t=2025-09-03T15:12:42.535083588-05:00 level=info msg="Migration successfully executed" id="create index UQE_api_key_org_id_name - v2" duration=387.471µs
logger=migrator t=2025-09-03T15:12:42.584621071-05:00 level=info msg="Executing migration" id="copy api_key v1 to v2"
logger=migrator t=2025-09-03T15:12:42.584932477-05:00 level=info msg="Migration successfully executed" id="copy api_key v1 to v2" duration=310.764µs
logger=migrator t=2025-09-03T15:12:42.589564053-05:00 level=info msg="Executing migration" id="Drop old table api_key_v1"
logger=migrator t=2025-09-03T15:12:42.589931412-05:00 level=info msg="Migration successfully executed" id="Drop old table api_key_v1" duration=367.133µs
logger=migrator t=2025-09-03T15:12:42.594785365-05:00 level=info msg="Executing migration" id="Update api_key table charset"
logger=migrator t=2025-09-03T15:12:42.594818531-05:00 level=info msg="Migration successfully executed" id="Update api_key table charset" duration=37.073µs
logger=migrator t=2025-09-03T15:12:42.599280698-05:00 level=info msg="Executing migration" id="Add expires to api_key table"
logger=migrator t=2025-09-03T15:12:42.600242595-05:00 level=info msg="Migration successfully executed" id="Add expires to api_key table" duration=961.524µs
logger=migrator t=2025-09-03T15:12:42.669576792-05:00 level=info msg="Executing migration" id="Add service account foreign key"
logger=migrator t=2025-09-03T15:12:42.67331859-05:00 level=info msg="Migration successfully executed" id="Add service account foreign key" duration=3.743324ms
logger=migrator t=2025-09-03T15:12:42.698746154-05:00 level=info msg="Executing migration" id="set service account foreign key to nil if 0"
logger=migrator t=2025-09-03T15:12:42.699043034-05:00 level=info msg="Migration successfully executed" id="set service account foreign key to nil if 0" duration=298.281µs
logger=migrator t=2025-09-03T15:12:42.704226479-05:00 level=info msg="Executing migration" id="Add last_used_at to api_key table"
logger=migrator t=2025-09-03T15:12:42.705586601-05:00 level=info msg="Migration successfully executed" id="Add last_used_at to api_key table" duration=1.36161ms
logger=migrator t=2025-09-03T15:12:42.755838766-05:00 level=info msg="Executing migration" id="Add is_revoked column to api_key table"
logger=migrator t=2025-09-03T15:12:42.75695643-05:00 level=info msg="Migration successfully executed" id="Add is_revoked column to api_key table" duration=1.117453ms
logger=migrator t=2025-09-03T15:12:42.762928176-05:00 level=info msg="Executing migration" id="create dashboard_snapshot table v4"
logger=migrator t=2025-09-03T15:12:42.764603876-05:00 level=info msg="Migration successfully executed" id="create dashboard_snapshot table v4" duration=1.676224ms
logger=migrator t=2025-09-03T15:12:42.769946267-05:00 level=info msg="Executing migration" id="drop table dashboard_snapshot_v4 #1"
logger=migrator t=2025-09-03T15:12:42.770810715-05:00 level=info msg="Migration successfully executed" id="drop table dashboard_snapshot_v4 #1" duration=864.149µs
logger=migrator t=2025-09-03T15:12:42.777082448-05:00 level=info msg="Executing migration" id="create dashboard_snapshot table v5 #2"
logger=migrator t=2025-09-03T15:12:42.778778159-05:00 level=info msg="Migration successfully executed" id="create dashboard_snapshot table v5 #2" duration=1.695227ms
logger=migrator t=2025-09-03T15:12:42.82982229-05:00 level=info msg="Executing migration" id="create index UQE_dashboard_snapshot_key - v5"
logger=migrator t=2025-09-03T15:12:42.830259187-05:00 level=info msg="Migration successfully executed" id="create index UQE_dashboard_snapshot_key - v5" duration=437.964µs
logger=migrator t=2025-09-03T15:12:42.836971983-05:00 level=info msg="Executing migration" id="create index UQE_dashboard_snapshot_delete_key - v5"
logger=migrator t=2025-09-03T15:12:42.838049259-05:00 level=info msg="Migration successfully executed" id="create index UQE_dashboard_snapshot_delete_key - v5" duration=1.077282ms
logger=migrator t=2025-09-03T15:12:42.844389349-05:00 level=info msg="Executing migration" id="create index IDX_dashboard_snapshot_user_id - v5"
logger=migrator t=2025-09-03T15:12:42.845279516-05:00 level=info msg="Migration successfully executed" id="create index IDX_dashboard_snapshot_user_id - v5" duration=891.171µs
logger=migrator t=2025-09-03T15:12:42.916352863-05:00 level=info msg="Executing migration" id="alter dashboard_snapshot to mediumtext v2"
logger=migrator t=2025-09-03T15:12:42.916435451-05:00 level=info msg="Migration successfully executed" id="alter dashboard_snapshot to mediumtext v2" duration=85.962µs
logger=migrator t=2025-09-03T15:12:42.92136089-05:00 level=info msg="Executing migration" id="Update dashboard_snapshot table charset"
logger=migrator t=2025-09-03T15:12:42.921387998-05:00 level=info msg="Migration successfully executed" id="Update dashboard_snapshot table charset" duration=27.495µs
logger=migrator t=2025-09-03T15:12:42.925622252-05:00 level=info msg="Executing migration" id="Add column external_delete_url to dashboard_snapshots table"
logger=migrator t=2025-09-03T15:12:42.926661869-05:00 level=info msg="Migration successfully executed" id="Add column external_delete_url to dashboard_snapshots table" duration=1.041536ms
logger=migrator t=2025-09-03T15:12:42.93131033-05:00 level=info msg="Executing migration" id="Add encrypted dashboard json column"
logger=migrator t=2025-09-03T15:12:42.932241123-05:00 level=info msg="Migration successfully executed" id="Add encrypted dashboard json column" duration=928.583µs
logger=migrator t=2025-09-03T15:12:42.98240128-05:00 level=info msg="Executing migration" id="Change dashboard_encrypted column to MEDIUMBLOB"
logger=migrator t=2025-09-03T15:12:42.982441269-05:00 level=info msg="Migration successfully executed" id="Change dashboard_encrypted column to MEDIUMBLOB" duration=41.477µs
logger=migrator t=2025-09-03T15:12:43.008153981-05:00 level=info msg="Executing migration" id="create quota table v1"
logger=migrator t=2025-09-03T15:12:43.009854048-05:00 level=info msg="Migration successfully executed" id="create quota table v1" duration=1.702313ms
logger=migrator t=2025-09-03T15:12:43.01571864-05:00 level=info msg="Executing migration" id="create index UQE_quota_org_id_user_id_target - v1"
logger=migrator t=2025-09-03T15:12:43.016801291-05:00 level=info msg="Migration successfully executed" id="create index UQE_quota_org_id_user_id_target - v1" duration=1.077966ms
logger=migrator t=2025-09-03T15:12:43.042826235-05:00 level=info msg="Executing migration" id="Update quota table charset"
logger=migrator t=2025-09-03T15:12:43.042961717-05:00 level=info msg="Migration successfully executed" id="Update quota table charset" duration=137.964µs
logger=migrator t=2025-09-03T15:12:43.048699784-05:00 level=info msg="Executing migration" id="create plugin_setting table"
logger=migrator t=2025-09-03T15:12:43.050936531-05:00 level=info msg="Migration successfully executed" id="create plugin_setting table" duration=2.237614ms
logger=migrator t=2025-09-03T15:12:43.102259765-05:00 level=info msg="Executing migration" id="create index UQE_plugin_setting_org_id_plugin_id - v1"
logger=migrator t=2025-09-03T15:12:43.104363701-05:00 level=info msg="Migration successfully executed" id="create index UQE_plugin_setting_org_id_plugin_id - v1" duration=2.104441ms
logger=migrator t=2025-09-03T15:12:43.110197099-05:00 level=info msg="Executing migration" id="Add column plugin_version to plugin_settings"
logger=migrator t=2025-09-03T15:12:43.112248456-05:00 level=info msg="Migration successfully executed" id="Add column plugin_version to plugin_settings" duration=2.054019ms
logger=migrator t=2025-09-03T15:12:43.137924053-05:00 level=info msg="Executing migration" id="Update plugin_setting table charset"
logger=migrator t=2025-09-03T15:12:43.138045811-05:00 level=info msg="Migration successfully executed" id="Update plugin_setting table charset" duration=124.348µs
logger=migrator t=2025-09-03T15:12:43.186984088-05:00 level=info msg="Executing migration" id="update NULL org_id to 1"
logger=migrator t=2025-09-03T15:12:43.188060764-05:00 level=info msg="Migration successfully executed" id="update NULL org_id to 1" duration=1.07536ms
logger=migrator t=2025-09-03T15:12:43.193859099-05:00 level=info msg="Executing migration" id="make org_id NOT NULL and DEFAULT VALUE 1"
logger=migrator t=2025-09-03T15:12:43.199170267-05:00 level=info msg="Migration successfully executed" id="make org_id NOT NULL and DEFAULT VALUE 1" duration=5.313102ms
logger=migrator t=2025-09-03T15:12:43.204253012-05:00 level=info msg="Executing migration" id="create session table"
logger=migrator t=2025-09-03T15:12:43.204691086-05:00 level=info msg="Migration successfully executed" id="create session table" duration=442.759µs
logger=migrator t=2025-09-03T15:12:43.23005316-05:00 level=info msg="Executing migration" id="Drop old table playlist table"
logger=migrator t=2025-09-03T15:12:43.230190288-05:00 level=info msg="Migration successfully executed" id="Drop old table playlist table" duration=134.936µs
logger=migrator t=2025-09-03T15:12:43.279232624-05:00 level=info msg="Executing migration" id="Drop old table playlist_item table"
logger=migrator t=2025-09-03T15:12:43.279639898-05:00 level=info msg="Migration successfully executed" id="Drop old table playlist_item table" duration=412.436µs
logger=migrator t=2025-09-03T15:12:43.30773418-05:00 level=info msg="Executing migration" id="create playlist table v2"
logger=migrator t=2025-09-03T15:12:43.308875297-05:00 level=info msg="Migration successfully executed" id="create playlist table v2" duration=1.140698ms
logger=migrator t=2025-09-03T15:12:43.316867719-05:00 level=info msg="Executing migration" id="create playlist item table v2"
logger=migrator t=2025-09-03T15:12:43.318062661-05:00 level=info msg="Migration successfully executed" id="create playlist item table v2" duration=1.190767ms
logger=migrator t=2025-09-03T15:12:43.39262439-05:00 level=info msg="Executing migration" id="Update playlist table charset"
logger=migrator t=2025-09-03T15:12:43.392719646-05:00 level=info msg="Migration successfully executed" id="Update playlist table charset" duration=97.746µs
logger=migrator t=2025-09-03T15:12:43.400588975-05:00 level=info msg="Executing migration" id="Update playlist_item table charset"
logger=migrator t=2025-09-03T15:12:43.400684466-05:00 level=info msg="Migration successfully executed" id="Update playlist_item table charset" duration=94.038µs
logger=migrator t=2025-09-03T15:12:43.427567647-05:00 level=info msg="Executing migration" id="Add playlist column created_at"
logger=migrator t=2025-09-03T15:12:43.430203427-05:00 level=info msg="Migration successfully executed" id="Add playlist column created_at" duration=2.639945ms
logger=migrator t=2025-09-03T15:12:43.435223953-05:00 level=info msg="Executing migration" id="Add playlist column updated_at"
logger=migrator t=2025-09-03T15:12:43.438709656-05:00 level=info msg="Migration successfully executed" id="Add playlist column updated_at" duration=3.484923ms
logger=migrator t=2025-09-03T15:12:43.443524211-05:00 level=info msg="Executing migration" id="drop preferences table v2"
logger=migrator t=2025-09-03T15:12:43.443575636-05:00 level=info msg="Migration successfully executed" id="drop preferences table v2" duration=51.997µs
logger=migrator t=2025-09-03T15:12:43.495337433-05:00 level=info msg="Executing migration" id="drop preferences table v3"
logger=migrator t=2025-09-03T15:12:43.495523654-05:00 level=info msg="Migration successfully executed" id="drop preferences table v3" duration=190.497µs
logger=migrator t=2025-09-03T15:12:43.500479195-05:00 level=info msg="Executing migration" id="create preferences table v3"
logger=migrator t=2025-09-03T15:12:43.501525849-05:00 level=info msg="Migration successfully executed" id="create preferences table v3" duration=1.045921ms
logger=migrator t=2025-09-03T15:12:43.527124911-05:00 level=info msg="Executing migration" id="Update preferences table charset"
logger=migrator t=2025-09-03T15:12:43.527191972-05:00 level=info msg="Migration successfully executed" id="Update preferences table charset" duration=68.932µs
logger=migrator t=2025-09-03T15:12:43.59609053-05:00 level=info msg="Executing migration" id="Add column team_id in preferences"
logger=migrator t=2025-09-03T15:12:43.598041968-05:00 level=info msg="Migration successfully executed" id="Add column team_id in preferences" duration=1.952219ms
logger=migrator t=2025-09-03T15:12:43.602998554-05:00 level=info msg="Executing migration" id="Update team_id column values in preferences"
logger=migrator t=2025-09-03T15:12:43.603141676-05:00 level=info msg="Migration successfully executed" id="Update team_id column values in preferences" duration=143.343µs
logger=migrator t=2025-09-03T15:12:43.628173614-05:00 level=info msg="Executing migration" id="Add column week_start in preferences"
logger=migrator t=2025-09-03T15:12:43.630109709-05:00 level=info msg="Migration successfully executed" id="Add column week_start in preferences" duration=1.957629ms
logger=migrator t=2025-09-03T15:12:43.655124511-05:00 level=info msg="Executing migration" id="Add column preferences.json_data"
logger=migrator t=2025-09-03T15:12:43.657101707-05:00 level=info msg="Migration successfully executed" id="Add column preferences.json_data" duration=1.978107ms
logger=migrator t=2025-09-03T15:12:43.709551029-05:00 level=info msg="Executing migration" id="alter preferences.json_data to mediumtext v1"
logger=migrator t=2025-09-03T15:12:43.7095951-05:00 level=info msg="Migration successfully executed" id="alter preferences.json_data to mediumtext v1" duration=46.112µs
logger=migrator t=2025-09-03T15:12:43.735311591-05:00 level=info msg="Executing migration" id="Add preferences index org_id"
logger=migrator t=2025-09-03T15:12:43.735942071-05:00 level=info msg="Migration successfully executed" id="Add preferences index org_id" duration=631.51µs
logger=migrator t=2025-09-03T15:12:43.761161535-05:00 level=info msg="Executing migration" id="Add preferences index user_id"
logger=migrator t=2025-09-03T15:12:43.761824477-05:00 level=info msg="Migration successfully executed" id="Add preferences index user_id" duration=675.207µs
logger=migrator t=2025-09-03T15:12:43.812528185-05:00 level=info msg="Executing migration" id="Add home_dashboard_uid column to preferences table"
logger=migrator t=2025-09-03T15:12:43.814531301-05:00 level=info msg="Migration successfully executed" id="Add home_dashboard_uid column to preferences table" duration=2.00393ms
logger=migrator t=2025-09-03T15:12:43.840428984-05:00 level=info msg="Executing migration" id="Add missing dashboard_uid to preferences table"
logger=migrator t=2025-09-03T15:12:43.840744002-05:00 level=info msg="Migration successfully executed" id="Add missing dashboard_uid to preferences table" duration=316.353µs
logger=migrator t=2025-09-03T15:12:43.845655901-05:00 level=info msg="Executing migration" id="create alert table v1"
logger=migrator t=2025-09-03T15:12:43.846216897-05:00 level=info msg="Migration successfully executed" id="create alert table v1" duration=560.858µs
logger=migrator t=2025-09-03T15:12:43.851659781-05:00 level=info msg="Executing migration" id="add index alert org_id & id "
logger=migrator t=2025-09-03T15:12:43.852212955-05:00 level=info msg="Migration successfully executed" id="add index alert org_id & id " duration=552.931µs
logger=migrator t=2025-09-03T15:12:43.900609747-05:00 level=info msg="Executing migration" id="add index alert state"
logger=migrator t=2025-09-03T15:12:43.901198472-05:00 level=info msg="Migration successfully executed" id="add index alert state" duration=589.68µs
logger=migrator t=2025-09-03T15:12:43.926552124-05:00 level=info msg="Executing migration" id="add index alert dashboard_id"
logger=migrator t=2025-09-03T15:12:43.9271915-05:00 level=info msg="Migration successfully executed" id="add index alert dashboard_id" duration=644.234µs
logger=migrator t=2025-09-03T15:12:43.952136912-05:00 level=info msg="Executing migration" id="Create alert_rule_tag table v1"
logger=migrator t=2025-09-03T15:12:43.952717593-05:00 level=info msg="Migration successfully executed" id="Create alert_rule_tag table v1" duration=579.537µs
logger=migrator t=2025-09-03T15:12:44.005206101-05:00 level=info msg="Executing migration" id="Add unique index alert_rule_tag.alert_id_tag_id"
logger=migrator t=2025-09-03T15:12:44.006046456-05:00 level=info msg="Migration successfully executed" id="Add unique index alert_rule_tag.alert_id_tag_id" duration=841.044µs
logger=migrator t=2025-09-03T15:12:44.011351832-05:00 level=info msg="Executing migration" id="drop index UQE_alert_rule_tag_alert_id_tag_id - v1"
logger=migrator t=2025-09-03T15:12:44.011872626-05:00 level=info msg="Migration successfully executed" id="drop index UQE_alert_rule_tag_alert_id_tag_id - v1" duration=520.598µs
logger=migrator t=2025-09-03T15:12:44.037458766-05:00 level=info msg="Executing migration" id="Rename table alert_rule_tag to alert_rule_tag_v1 - v1"
logger=migrator t=2025-09-03T15:12:44.042994657-05:00 level=info msg="Migration successfully executed" id="Rename table alert_rule_tag to alert_rule_tag_v1 - v1" duration=5.536327ms
logger=migrator t=2025-09-03T15:12:44.047991855-05:00 level=info msg="Executing migration" id="Create alert_rule_tag table v2"
logger=migrator t=2025-09-03T15:12:44.048467816-05:00 level=info msg="Migration successfully executed" id="Create alert_rule_tag table v2" duration=475.455µs
logger=migrator t=2025-09-03T15:12:44.116075638-05:00 level=info msg="Executing migration" id="create index UQE_alert_rule_tag_alert_id_tag_id - Add unique index alert_rule_tag.alert_id_tag_id V2"
logger=migrator t=2025-09-03T15:12:44.116716511-05:00 level=info msg="Migration successfully executed" id="create index UQE_alert_rule_tag_alert_id_tag_id - Add unique index alert_rule_tag.alert_id_tag_id V2" duration=641.796µs
logger=migrator t=2025-09-03T15:12:44.121944443-05:00 level=info msg="Executing migration" id="copy alert_rule_tag v1 to v2"
logger=migrator t=2025-09-03T15:12:44.122344019-05:00 level=info msg="Migration successfully executed" id="copy alert_rule_tag v1 to v2" duration=402.158µs
logger=migrator t=2025-09-03T15:12:44.147434869-05:00 level=info msg="Executing migration" id="drop table alert_rule_tag_v1"
logger=migrator t=2025-09-03T15:12:44.147872045-05:00 level=info msg="Migration successfully executed" id="drop table alert_rule_tag_v1" duration=437.713µs
logger=migrator t=2025-09-03T15:12:44.172874168-05:00 level=info msg="Executing migration" id="create alert_notification table v1"
logger=migrator t=2025-09-03T15:12:44.173446606-05:00 level=info msg="Migration successfully executed" id="create alert_notification table v1" duration=573.794µs
logger=migrator t=2025-09-03T15:12:44.221751865-05:00 level=info msg="Executing migration" id="Add column is_default"
logger=migrator t=2025-09-03T15:12:44.224139994-05:00 level=info msg="Migration successfully executed" id="Add column is_default" duration=2.389342ms
logger=migrator t=2025-09-03T15:12:44.248773983-05:00 level=info msg="Executing migration" id="Add column frequency"
logger=migrator t=2025-09-03T15:12:44.25180666-05:00 level=info msg="Migration successfully executed" id="Add column frequency" duration=3.03443ms
logger=migrator t=2025-09-03T15:12:44.276707358-05:00 level=info msg="Executing migration" id="Add column send_reminder"
logger=migrator t=2025-09-03T15:12:44.278894511-05:00 level=info msg="Migration successfully executed" id="Add column send_reminder" duration=2.187862ms
logger=migrator t=2025-09-03T15:12:44.303689184-05:00 level=info msg="Executing migration" id="Add column disable_resolve_message"
logger=migrator t=2025-09-03T15:12:44.305995669-05:00 level=info msg="Migration successfully executed" id="Add column disable_resolve_message" duration=2.306459ms
logger=migrator t=2025-09-03T15:12:44.354917349-05:00 level=info msg="Executing migration" id="add index alert_notification org_id & name"
logger=migrator t=2025-09-03T15:12:44.355648097-05:00 level=info msg="Migration successfully executed" id="add index alert_notification org_id & name" duration=739.559µs
logger=migrator t=2025-09-03T15:12:44.381040308-05:00 level=info msg="Executing migration" id="Update alert table charset"
logger=migrator t=2025-09-03T15:12:44.381097486-05:00 level=info msg="Migration successfully executed" id="Update alert table charset" duration=62.773µs
logger=migrator t=2025-09-03T15:12:44.386015267-05:00 level=info msg="Executing migration" id="Update alert_notification table charset"
logger=migrator t=2025-09-03T15:12:44.386064518-05:00 level=info msg="Migration successfully executed" id="Update alert_notification table charset" duration=50.261µs
logger=migrator t=2025-09-03T15:12:44.390970892-05:00 level=info msg="Executing migration" id="create notification_journal table v1"
logger=migrator t=2025-09-03T15:12:44.391564683-05:00 level=info msg="Migration successfully executed" id="create notification_journal table v1" duration=594.949µs
logger=migrator t=2025-09-03T15:12:44.439170011-05:00 level=info msg="Executing migration" id="add index notification_journal org_id & alert_id & notifier_id"
logger=migrator t=2025-09-03T15:12:44.439874817-05:00 level=info msg="Migration successfully executed" id="add index notification_journal org_id & alert_id & notifier_id" duration=706.368µs
logger=migrator t=2025-09-03T15:12:44.465601677-05:00 level=info msg="Executing migration" id="drop alert_notification_journal"
logger=migrator t=2025-09-03T15:12:44.466638414-05:00 level=info msg="Migration successfully executed" id="drop alert_notification_journal" duration=1.036945ms
logger=migrator t=2025-09-03T15:12:44.471628404-05:00 level=info msg="Executing migration" id="create alert_notification_state table v1"
logger=migrator t=2025-09-03T15:12:44.473149281-05:00 level=info msg="Migration successfully executed" id="create alert_notification_state table v1" duration=1.510345ms
logger=migrator t=2025-09-03T15:12:44.542607905-05:00 level=info msg="Executing migration" id="add index alert_notification_state org_id & alert_id & notifier_id"
logger=migrator t=2025-09-03T15:12:44.544601738-05:00 level=info msg="Migration successfully executed" id="add index alert_notification_state org_id & alert_id & notifier_id" duration=1.997486ms
logger=migrator t=2025-09-03T15:12:44.549422691-05:00 level=info msg="Executing migration" id="Add for to alert table"
logger=migrator t=2025-09-03T15:12:44.550683974-05:00 level=info msg="Migration successfully executed" id="Add for to alert table" duration=1.261164ms
logger=migrator t=2025-09-03T15:12:44.576204664-05:00 level=info msg="Executing migration" id="Add column uid in alert_notification"
logger=migrator t=2025-09-03T15:12:44.578273128-05:00 level=info msg="Migration successfully executed" id="Add column uid in alert_notification" duration=2.064319ms
logger=migrator t=2025-09-03T15:12:44.604351184-05:00 level=info msg="Executing migration" id="Update uid column values in alert_notification"
logger=migrator t=2025-09-03T15:12:44.604909362-05:00 level=info msg="Migration successfully executed" id="Update uid column values in alert_notification" duration=559.529µs
logger=migrator t=2025-09-03T15:12:44.654514582-05:00 level=info msg="Executing migration" id="Add unique index alert_notification_org_id_uid"
logger=migrator t=2025-09-03T15:12:44.655018492-05:00 level=info msg="Migration successfully executed" id="Add unique index alert_notification_org_id_uid" duration=505.071µs
logger=migrator t=2025-09-03T15:12:44.680616839-05:00 level=info msg="Executing migration" id="Remove unique index org_id_name"
logger=migrator t=2025-09-03T15:12:44.681065772-05:00 level=info msg="Migration successfully executed" id="Remove unique index org_id_name" duration=448.929µs
logger=migrator t=2025-09-03T15:12:44.686684214-05:00 level=info msg="Executing migration" id="Add column secure_settings in alert_notification"
logger=migrator t=2025-09-03T15:12:44.688089655-05:00 level=info msg="Migration successfully executed" id="Add column secure_settings in alert_notification" duration=1.404774ms
logger=migrator t=2025-09-03T15:12:44.713597807-05:00 level=info msg="Executing migration" id="alter alert.settings to mediumtext"
logger=migrator t=2025-09-03T15:12:44.713637142-05:00 level=info msg="Migration successfully executed" id="alter alert.settings to mediumtext" duration=40.873µs
logger=migrator t=2025-09-03T15:12:44.762673105-05:00 level=info msg="Executing migration" id="Add non-unique index alert_notification_state_alert_id"
logger=migrator t=2025-09-03T15:12:44.763157849-05:00 level=info msg="Migration successfully executed" id="Add non-unique index alert_notification_state_alert_id" duration=485.008µs
logger=migrator t=2025-09-03T15:12:44.788463109-05:00 level=info msg="Executing migration" id="Add non-unique index alert_rule_tag_alert_id"
logger=migrator t=2025-09-03T15:12:44.78907768-05:00 level=info msg="Migration successfully executed" id="Add non-unique index alert_rule_tag_alert_id" duration=614.714µs
logger=migrator t=2025-09-03T15:12:44.81490378-05:00 level=info msg="Executing migration" id="Drop old annotation table v4"
logger=migrator t=2025-09-03T15:12:44.815172663-05:00 level=info msg="Migration successfully executed" id="Drop old annotation table v4" duration=272.667µs
logger=migrator t=2025-09-03T15:12:44.820458613-05:00 level=info msg="Executing migration" id="create annotation table v5"
logger=migrator t=2025-09-03T15:12:44.820999732-05:00 level=info msg="Migration successfully executed" id="create annotation table v5" duration=541.37µs
logger=migrator t=2025-09-03T15:12:44.872582174-05:00 level=info msg="Executing migration" id="add index annotation 0 v3"
logger=migrator t=2025-09-03T15:12:44.874898505-05:00 level=info msg="Migration successfully executed" id="add index annotation 0 v3" duration=2.31353ms
logger=migrator t=2025-09-03T15:12:44.880249532-05:00 level=info msg="Executing migration" id="add index annotation 1 v3"
logger=migrator t=2025-09-03T15:12:44.881454495-05:00 level=info msg="Migration successfully executed" id="add index annotation 1 v3" duration=1.205625ms
logger=migrator t=2025-09-03T15:12:44.886603365-05:00 level=info msg="Executing migration" id="add index annotation 2 v3"
logger=migrator t=2025-09-03T15:12:44.887768821-05:00 level=info msg="Migration successfully executed" id="add index annotation 2 v3" duration=1.165596ms
logger=migrator t=2025-09-03T15:12:44.937744789-05:00 level=info msg="Executing migration" id="add index annotation 3 v3"
logger=migrator t=2025-09-03T15:12:44.939389938-05:00 level=info msg="Migration successfully executed" id="add index annotation 3 v3" duration=1.647929ms
logger=migrator t=2025-09-03T15:12:44.944358912-05:00 level=info msg="Executing migration" id="add index annotation 4 v3"
logger=migrator t=2025-09-03T15:12:44.944769478-05:00 level=info msg="Migration successfully executed" id="add index annotation 4 v3" duration=410.494µs
logger=migrator t=2025-09-03T15:12:44.949949705-05:00 level=info msg="Executing migration" id="Update annotation table charset"
logger=migrator t=2025-09-03T15:12:44.950051939-05:00 level=info msg="Migration successfully executed" id="Update annotation table charset" duration=104.055µs
logger=migrator t=2025-09-03T15:12:44.954562492-05:00 level=info msg="Executing migration" id="Add column region_id to annotation table"
logger=migrator t=2025-09-03T15:12:44.956978086-05:00 level=info msg="Migration successfully executed" id="Add column region_id to annotation table" duration=2.414102ms
logger=migrator t=2025-09-03T15:12:44.961319648-05:00 level=info msg="Executing migration" id="Drop category_id index"
logger=migrator t=2025-09-03T15:12:44.961843379-05:00 level=info msg="Migration successfully executed" id="Drop category_id index" duration=523.816µs
logger=migrator t=2025-09-03T15:12:44.973220397-05:00 level=info msg="Executing migration" id="Add column tags to annotation table"
logger=migrator t=2025-09-03T15:12:44.97621385-05:00 level=info msg="Migration successfully executed" id="Add column tags to annotation table" duration=2.991029ms
logger=migrator t=2025-09-03T15:12:44.981560834-05:00 level=info msg="Executing migration" id="Create annotation_tag table v2"
logger=migrator t=2025-09-03T15:12:44.981914133-05:00 level=info msg="Migration successfully executed" id="Create annotation_tag table v2" duration=353.281µs
logger=migrator t=2025-09-03T15:12:44.987586211-05:00 level=info msg="Executing migration" id="Add unique index annotation_tag.annotation_id_tag_id"
logger=migrator t=2025-09-03T15:12:44.988244152-05:00 level=info msg="Migration successfully executed" id="Add unique index annotation_tag.annotation_id_tag_id" duration=664.999µs
logger=migrator t=2025-09-03T15:12:45.037912608-05:00 level=info msg="Executing migration" id="drop index UQE_annotation_tag_annotation_id_tag_id - v2"
logger=migrator t=2025-09-03T15:12:45.03847127-05:00 level=info msg="Migration successfully executed" id="drop index UQE_annotation_tag_annotation_id_tag_id - v2" duration=558.003µs
logger=migrator t=2025-09-03T15:12:45.043368482-05:00 level=info msg="Executing migration" id="Rename table annotation_tag to annotation_tag_v2 - v2"
logger=migrator t=2025-09-03T15:12:45.047086628-05:00 level=info msg="Migration successfully executed" id="Rename table annotation_tag to annotation_tag_v2 - v2" duration=3.717767ms
logger=migrator t=2025-09-03T15:12:45.051702938-05:00 level=info msg="Executing migration" id="Create annotation_tag table v3"
logger=migrator t=2025-09-03T15:12:45.052112539-05:00 level=info msg="Migration successfully executed" id="Create annotation_tag table v3" duration=412.577µs
logger=migrator t=2025-09-03T15:12:45.056748632-05:00 level=info msg="Executing migration" id="create index UQE_annotation_tag_annotation_id_tag_id - Add unique index annotation_tag.annotation_id_tag_id V3"
logger=migrator t=2025-09-03T15:12:45.057202826-05:00 level=info msg="Migration successfully executed" id="create index UQE_annotation_tag_annotation_id_tag_id - Add unique index annotation_tag.annotation_id_tag_id V3" duration=454.169µs
logger=migrator t=2025-09-03T15:12:45.107230672-05:00 level=info msg="Executing migration" id="copy annotation_tag v2 to v3"
logger=migrator t=2025-09-03T15:12:45.107492038-05:00 level=info msg="Migration successfully executed" id="copy annotation_tag v2 to v3" duration=262.272µs
logger=migrator t=2025-09-03T15:12:45.132185892-05:00 level=info msg="Executing migration" id="drop table annotation_tag_v2"
logger=migrator t=2025-09-03T15:12:45.132830268-05:00 level=info msg="Migration successfully executed" id="drop table annotation_tag_v2" duration=648.112µs
logger=migrator t=2025-09-03T15:12:45.157840572-05:00 level=info msg="Executing migration" id="Update alert annotations and set TEXT to empty"
logger=migrator t=2025-09-03T15:12:45.158078038-05:00 level=info msg="Migration successfully executed" id="Update alert annotations and set TEXT to empty" duration=238.097µs
logger=migrator t=2025-09-03T15:12:45.163981955-05:00 level=info msg="Executing migration" id="Add created time to annotation table"
logger=migrator t=2025-09-03T15:12:45.166270179-05:00 level=info msg="Migration successfully executed" id="Add created time to annotation table" duration=2.291196ms
logger=migrator t=2025-09-03T15:12:45.216340789-05:00 level=info msg="Executing migration" id="Add updated time to annotation table"
logger=migrator t=2025-09-03T15:12:45.218923975-05:00 level=info msg="Migration successfully executed" id="Add updated time to annotation table" duration=2.583011ms
logger=migrator t=2025-09-03T15:12:45.224000477-05:00 level=info msg="Executing migration" id="Add index for created in annotation table"
logger=migrator t=2025-09-03T15:12:45.224672599-05:00 level=info msg="Migration successfully executed" id="Add index for created in annotation table" duration=673.092µs
logger=migrator t=2025-09-03T15:12:45.229196384-05:00 level=info msg="Executing migration" id="Add index for updated in annotation table"
logger=migrator t=2025-09-03T15:12:45.229753792-05:00 level=info msg="Migration successfully executed" id="Add index for updated in annotation table" duration=558.026µs
logger=migrator t=2025-09-03T15:12:45.234437479-05:00 level=info msg="Executing migration" id="Convert existing annotations from seconds to milliseconds"
logger=migrator t=2025-09-03T15:12:45.234642206-05:00 level=info msg="Migration successfully executed" id="Convert existing annotations from seconds to milliseconds" duration=205.179µs
logger=migrator t=2025-09-03T15:12:45.283765664-05:00 level=info msg="Executing migration" id="Add epoch_end column"
logger=migrator t=2025-09-03T15:12:45.286001557-05:00 level=info msg="Migration successfully executed" id="Add epoch_end column" duration=2.23934ms
logger=migrator t=2025-09-03T15:12:45.290962109-05:00 level=info msg="Executing migration" id="Add index for epoch_end"
logger=migrator t=2025-09-03T15:12:45.292500842-05:00 level=info msg="Migration successfully executed" id="Add index for epoch_end" duration=1.53395ms
logger=migrator t=2025-09-03T15:12:45.318147396-05:00 level=info msg="Executing migration" id="Make epoch_end the same as epoch"
logger=migrator t=2025-09-03T15:12:45.318280934-05:00 level=info msg="Migration successfully executed" id="Make epoch_end the same as epoch" duration=134.988µs
logger=migrator t=2025-09-03T15:12:45.343190731-05:00 level=info msg="Executing migration" id="Move region to single row"
logger=migrator t=2025-09-03T15:12:45.343509679-05:00 level=info msg="Migration successfully executed" id="Move region to single row" duration=314.576µs
logger=migrator t=2025-09-03T15:12:45.41438483-05:00 level=info msg="Executing migration" id="Remove index org_id_epoch from annotation table"
logger=migrator t=2025-09-03T15:12:45.416027499-05:00 level=info msg="Migration successfully executed" id="Remove index org_id_epoch from annotation table" duration=1.645431ms
logger=migrator t=2025-09-03T15:12:45.440678713-05:00 level=info msg="Executing migration" id="Remove index org_id_dashboard_id_panel_id_epoch from annotation table"
logger=migrator t=2025-09-03T15:12:45.441146261-05:00 level=info msg="Migration successfully executed" id="Remove index org_id_dashboard_id_panel_id_epoch from annotation table" duration=468.255µs
logger=migrator t=2025-09-03T15:12:45.466062417-05:00 level=info msg="Executing migration" id="Add index for org_id_dashboard_id_epoch_end_epoch on annotation table"
logger=migrator t=2025-09-03T15:12:45.466789585-05:00 level=info msg="Migration successfully executed" id="Add index for org_id_dashboard_id_epoch_end_epoch on annotation table" duration=727.58µs
logger=migrator t=2025-09-03T15:12:45.491933031-05:00 level=info msg="Executing migration" id="Add index for org_id_epoch_end_epoch on annotation table"
logger=migrator t=2025-09-03T15:12:45.493660014-05:00 level=info msg="Migration successfully executed" id="Add index for org_id_epoch_end_epoch on annotation table" duration=1.726662ms
logger=migrator t=2025-09-03T15:12:45.545545745-05:00 level=info msg="Executing migration" id="Remove index org_id_epoch_epoch_end from annotation table"
logger=migrator t=2025-09-03T15:12:45.547604856-05:00 level=info msg="Migration successfully executed" id="Remove index org_id_epoch_epoch_end from annotation table" duration=2.056893ms
logger=migrator t=2025-09-03T15:12:45.553193714-05:00 level=info msg="Executing migration" id="Add index for alert_id on annotation table"
logger=migrator t=2025-09-03T15:12:45.554649038-05:00 level=info msg="Migration successfully executed" id="Add index for alert_id on annotation table" duration=1.449104ms
logger=migrator t=2025-09-03T15:12:45.580567447-05:00 level=info msg="Executing migration" id="Increase tags column to length 4096"
logger=migrator t=2025-09-03T15:12:45.580669125-05:00 level=info msg="Migration successfully executed" id="Increase tags column to length 4096" duration=105.619µs
logger=migrator t=2025-09-03T15:12:45.625164133-05:00 level=info msg="Executing migration" id="Increase prev_state column to length 40 not null"
logger=migrator t=2025-09-03T15:12:45.625199626-05:00 level=info msg="Migration successfully executed" id="Increase prev_state column to length 40 not null" duration=37.286µs
logger=migrator t=2025-09-03T15:12:45.629591016-05:00 level=info msg="Executing migration" id="Increase new_state column to length 40 not null"
logger=migrator t=2025-09-03T15:12:45.629623411-05:00 level=info msg="Migration successfully executed" id="Increase new_state column to length 40 not null" duration=33.699µs
logger=migrator t=2025-09-03T15:12:45.634478751-05:00 level=info msg="Executing migration" id="Add dashboard_uid column to annotation table"
logger=migrator t=2025-09-03T15:12:45.636025618-05:00 level=info msg="Migration successfully executed" id="Add dashboard_uid column to annotation table" duration=1.547217ms
logger=migrator t=2025-09-03T15:12:45.660827181-05:00 level=info msg="Executing migration" id="Add missing dashboard_uid to annotation table"
logger=migrator t=2025-09-03T15:12:45.661121443-05:00 level=info msg="Migration successfully executed" id="Add missing dashboard_uid to annotation table" duration=299.414µs
logger=migrator t=2025-09-03T15:12:45.704817043-05:00 level=info msg="Executing migration" id="create test_data table"
logger=migrator t=2025-09-03T15:12:45.705332092-05:00 level=info msg="Migration successfully executed" id="create test_data table" duration=514.954µs
logger=migrator t=2025-09-03T15:12:45.710333425-05:00 level=info msg="Executing migration" id="create dashboard_version table v1"
logger=migrator t=2025-09-03T15:12:45.710758589-05:00 level=info msg="Migration successfully executed" id="create dashboard_version table v1" duration=424.815µs
logger=migrator t=2025-09-03T15:12:45.735630688-05:00 level=info msg="Executing migration" id="add index dashboard_version.dashboard_id"
logger=migrator t=2025-09-03T15:12:45.736096361-05:00 level=info msg="Migration successfully executed" id="add index dashboard_version.dashboard_id" duration=466.044µs
logger=migrator t=2025-09-03T15:12:45.760877874-05:00 level=info msg="Executing migration" id="add unique index dashboard_version.dashboard_id and dashboard_version.version"
logger=migrator t=2025-09-03T15:12:45.761387378-05:00 level=info msg="Migration successfully executed" id="add unique index dashboard_version.dashboard_id and dashboard_version.version" duration=509.794µs
logger=migrator t=2025-09-03T15:12:45.805495412-05:00 level=info msg="Executing migration" id="Set dashboard version to 1 where 0"
logger=migrator t=2025-09-03T15:12:45.806129411-05:00 level=info msg="Migration successfully executed" id="Set dashboard version to 1 where 0" duration=645.852µs
logger=migrator t=2025-09-03T15:12:45.830678223-05:00 level=info msg="Executing migration" id="save existing dashboard data in dashboard_version table v1"
logger=migrator t=2025-09-03T15:12:45.831013204-05:00 level=info msg="Migration successfully executed" id="save existing dashboard data in dashboard_version table v1" duration=334.618µs
logger=migrator t=2025-09-03T15:12:45.856034036-05:00 level=info msg="Executing migration" id="alter dashboard_version.data to mediumtext v1"
logger=migrator t=2025-09-03T15:12:45.856153395-05:00 level=info msg="Migration successfully executed" id="alter dashboard_version.data to mediumtext v1" duration=124.788µs
logger=migrator t=2025-09-03T15:12:45.861678622-05:00 level=info msg="Executing migration" id="Add apiVersion for dashboard_version"
logger=migrator t=2025-09-03T15:12:45.864584791-05:00 level=info msg="Migration successfully executed" id="Add apiVersion for dashboard_version" duration=2.908701ms
logger=migrator t=2025-09-03T15:12:45.910071362-05:00 level=info msg="Executing migration" id="create team table"
logger=migrator t=2025-09-03T15:12:45.911875003-05:00 level=info msg="Migration successfully executed" id="create team table" duration=1.803642ms
logger=migrator t=2025-09-03T15:12:45.917197473-05:00 level=info msg="Executing migration" id="add index team.org_id"
logger=migrator t=2025-09-03T15:12:45.919051379-05:00 level=info msg="Migration successfully executed" id="add index team.org_id" duration=1.854264ms
logger=migrator t=2025-09-03T15:12:45.924583-05:00 level=info msg="Executing migration" id="add unique index team_org_id_name"
logger=migrator t=2025-09-03T15:12:45.925555179-05:00 level=info msg="Migration successfully executed" id="add unique index team_org_id_name" duration=972.133µs
logger=migrator t=2025-09-03T15:12:45.950891572-05:00 level=info msg="Executing migration" id="Add column uid in team"
logger=migrator t=2025-09-03T15:12:45.953669667-05:00 level=info msg="Migration successfully executed" id="Add column uid in team" duration=2.775929ms
logger=migrator t=2025-09-03T15:12:45.998685269-05:00 level=info msg="Executing migration" id="Update uid column values in team"
logger=migrator t=2025-09-03T15:12:45.998876503-05:00 level=info msg="Migration successfully executed" id="Update uid column values in team" duration=193.01µs
logger=migrator t=2025-09-03T15:12:46.003862476-05:00 level=info msg="Executing migration" id="Add unique index team_org_id_uid"
logger=migrator t=2025-09-03T15:12:46.005604894-05:00 level=info msg="Migration successfully executed" id="Add unique index team_org_id_uid" duration=1.740179ms
logger=migrator t=2025-09-03T15:12:46.011117391-05:00 level=info msg="Executing migration" id="Add column external_uid in team"
logger=migrator t=2025-09-03T15:12:46.012771573-05:00 level=info msg="Migration successfully executed" id="Add column external_uid in team" duration=1.65419ms
logger=migrator t=2025-09-03T15:12:46.037381002-05:00 level=info msg="Executing migration" id="Add column is_provisioned in team"
logger=migrator t=2025-09-03T15:12:46.040051992-05:00 level=info msg="Migration successfully executed" id="Add column is_provisioned in team" duration=2.668506ms
logger=migrator t=2025-09-03T15:12:46.088344628-05:00 level=info msg="Executing migration" id="create team member table"
logger=migrator t=2025-09-03T15:12:46.089527632-05:00 level=info msg="Migration successfully executed" id="create team member table" duration=1.187384ms
logger=migrator t=2025-09-03T15:12:46.114784943-05:00 level=info msg="Executing migration" id="add index team_member.org_id"
logger=migrator t=2025-09-03T15:12:46.115860837-05:00 level=info msg="Migration successfully executed" id="add index team_member.org_id" duration=1.081196ms
logger=migrator t=2025-09-03T15:12:46.120398869-05:00 level=info msg="Executing migration" id="add unique index team_member_org_id_team_id_user_id"
logger=migrator t=2025-09-03T15:12:46.121241954-05:00 level=info msg="Migration successfully executed" id="add unique index team_member_org_id_team_id_user_id" duration=839.917µs
logger=migrator t=2025-09-03T15:12:46.173546379-05:00 level=info msg="Executing migration" id="add index team_member.team_id"
logger=migrator t=2025-09-03T15:12:46.174687268-05:00 level=info msg="Migration successfully executed" id="add index team_member.team_id" duration=1.145073ms
logger=migrator t=2025-09-03T15:12:46.199314365-05:00 level=info msg="Executing migration" id="Add column email to team table"
logger=migrator t=2025-09-03T15:12:46.203587766-05:00 level=info msg="Migration successfully executed" id="Add column email to team table" duration=4.272508ms
logger=migrator t=2025-09-03T15:12:46.208223937-05:00 level=info msg="Executing migration" id="Add column external to team_member table"
logger=migrator t=2025-09-03T15:12:46.21138726-05:00 level=info msg="Migration successfully executed" id="Add column external to team_member table" duration=3.166139ms
logger=migrator t=2025-09-03T15:12:46.237856759-05:00 level=info msg="Executing migration" id="Add column permission to team_member table"
logger=migrator t=2025-09-03T15:12:46.241182168-05:00 level=info msg="Migration successfully executed" id="Add column permission to team_member table" duration=3.325429ms
logger=migrator t=2025-09-03T15:12:46.294731162-05:00 level=info msg="Executing migration" id="add unique index team_member_user_id_org_id"
logger=migrator t=2025-09-03T15:12:46.295285682-05:00 level=info msg="Migration successfully executed" id="add unique index team_member_user_id_org_id" duration=555.648µs
logger=migrator t=2025-09-03T15:12:46.321336517-05:00 level=info msg="Executing migration" id="create dashboard acl table"
logger=migrator t=2025-09-03T15:12:46.321836149-05:00 level=info msg="Migration successfully executed" id="create dashboard acl table" duration=499.834µs
logger=migrator t=2025-09-03T15:12:46.371766478-05:00 level=info msg="Executing migration" id="add index dashboard_acl_dashboard_id"
logger=migrator t=2025-09-03T15:12:46.372441385-05:00 level=info msg="Migration successfully executed" id="add index dashboard_acl_dashboard_id" duration=688.579µs
logger=migrator t=2025-09-03T15:12:46.377078815-05:00 level=info msg="Executing migration" id="add unique index dashboard_acl_dashboard_id_user_id"
logger=migrator t=2025-09-03T15:12:46.377605321-05:00 level=info msg="Migration successfully executed" id="add unique index dashboard_acl_dashboard_id_user_id" duration=526.634µs
logger=migrator t=2025-09-03T15:12:46.383060216-05:00 level=info msg="Executing migration" id="add unique index dashboard_acl_dashboard_id_team_id"
logger=migrator t=2025-09-03T15:12:46.383931514-05:00 level=info msg="Migration successfully executed" id="add unique index dashboard_acl_dashboard_id_team_id" duration=876.074µs
logger=migrator t=2025-09-03T15:12:46.408680449-05:00 level=info msg="Executing migration" id="add index dashboard_acl_user_id"
logger=migrator t=2025-09-03T15:12:46.409174243-05:00 level=info msg="Migration successfully executed" id="add index dashboard_acl_user_id" duration=492.457µs
logger=migrator t=2025-09-03T15:12:46.458666271-05:00 level=info msg="Executing migration" id="add index dashboard_acl_team_id"
logger=migrator t=2025-09-03T15:12:46.459178655-05:00 level=info msg="Migration successfully executed" id="add index dashboard_acl_team_id" duration=513.127µs
logger=migrator t=2025-09-03T15:12:46.463817272-05:00 level=info msg="Executing migration" id="add index dashboard_acl_org_id_role"
logger=migrator t=2025-09-03T15:12:46.464205324-05:00 level=info msg="Migration successfully executed" id="add index dashboard_acl_org_id_role" duration=387.383µs
logger=migrator t=2025-09-03T15:12:46.48873083-05:00 level=info msg="Executing migration" id="add index dashboard_permission"
logger=migrator t=2025-09-03T15:12:46.489448792-05:00 level=info msg="Migration successfully executed" id="add index dashboard_permission" duration=721.408µs
logger=migrator t=2025-09-03T15:12:46.494304804-05:00 level=info msg="Executing migration" id="save default acl rules in dashboard_acl table"
logger=migrator t=2025-09-03T15:12:46.494520028-05:00 level=info msg="Migration successfully executed" id="save default acl rules in dashboard_acl table" duration=215.433µs
logger=migrator t=2025-09-03T15:12:46.543275095-05:00 level=info msg="Executing migration" id="delete acl rules for deleted dashboards and folders"
logger=migrator t=2025-09-03T15:12:46.543461706-05:00 level=info msg="Migration successfully executed" id="delete acl rules for deleted dashboards and folders" duration=188.475µs
logger=migrator t=2025-09-03T15:12:46.567678629-05:00 level=info msg="Executing migration" id="create tag table"
logger=migrator t=2025-09-03T15:12:46.568094272-05:00 level=info msg="Migration successfully executed" id="create tag table" duration=415.592µs
logger=migrator t=2025-09-03T15:12:46.572917727-05:00 level=info msg="Executing migration" id="add index tag.key_value"
logger=migrator t=2025-09-03T15:12:46.57335799-05:00 level=info msg="Migration successfully executed" id="add index tag.key_value" duration=440.394µs
logger=migrator t=2025-09-03T15:12:46.642686259-05:00 level=info msg="Executing migration" id="create login attempt table"
logger=migrator t=2025-09-03T15:12:46.643127342-05:00 level=info msg="Migration successfully executed" id="create login attempt table" duration=441.494µs
logger=migrator t=2025-09-03T15:12:46.647588596-05:00 level=info msg="Executing migration" id="add index login_attempt.username"
logger=migrator t=2025-09-03T15:12:46.648036458-05:00 level=info msg="Migration successfully executed" id="add index login_attempt.username" duration=448.089µs
logger=migrator t=2025-09-03T15:12:46.672902798-05:00 level=info msg="Executing migration" id="drop index IDX_login_attempt_username - v1"
logger=migrator t=2025-09-03T15:12:46.673668306-05:00 level=info msg="Migration successfully executed" id="drop index IDX_login_attempt_username - v1" duration=765.551µs
logger=migrator t=2025-09-03T15:12:46.678262258-05:00 level=info msg="Executing migration" id="Rename table login_attempt to login_attempt_tmp_qwerty - v1"
logger=migrator t=2025-09-03T15:12:46.683438896-05:00 level=info msg="Migration successfully executed" id="Rename table login_attempt to login_attempt_tmp_qwerty - v1" duration=5.176935ms
logger=migrator t=2025-09-03T15:12:46.732697048-05:00 level=info msg="Executing migration" id="create login_attempt v2"
logger=migrator t=2025-09-03T15:12:46.73322129-05:00 level=info msg="Migration successfully executed" id="create login_attempt v2" duration=524.443µs
logger=migrator t=2025-09-03T15:12:46.737693601-05:00 level=info msg="Executing migration" id="create index IDX_login_attempt_username - v2"
logger=migrator t=2025-09-03T15:12:46.73846461-05:00 level=info msg="Migration successfully executed" id="create index IDX_login_attempt_username - v2" duration=770.661µs
logger=migrator t=2025-09-03T15:12:46.743693116-05:00 level=info msg="Executing migration" id="copy login_attempt v1 to v2"
logger=migrator t=2025-09-03T15:12:46.743931968-05:00 level=info msg="Migration successfully executed" id="copy login_attempt v1 to v2" duration=241.584µs
logger=migrator t=2025-09-03T15:12:46.813375348-05:00 level=info msg="Executing migration" id="drop login_attempt_tmp_qwerty"
logger=migrator t=2025-09-03T15:12:46.814594092-05:00 level=info msg="Migration successfully executed" id="drop login_attempt_tmp_qwerty" duration=1.217646ms
logger=migrator t=2025-09-03T15:12:46.819837712-05:00 level=info msg="Executing migration" id="increase login_attempt.ip_address column length for IPv6 support"
logger=migrator t=2025-09-03T15:12:46.819858964-05:00 level=info msg="Migration successfully executed" id="increase login_attempt.ip_address column length for IPv6 support" duration=22.054µs
logger=migrator t=2025-09-03T15:12:46.844661506-05:00 level=info msg="Executing migration" id="alter table login_attempt alter column created type to bigint"
logger=migrator t=2025-09-03T15:12:46.844788731-05:00 level=info msg="Migration successfully executed" id="alter table login_attempt alter column created type to bigint" duration=130.884µs
logger=migrator t=2025-09-03T15:12:46.870307469-05:00 level=info msg="Executing migration" id="create user auth table"
logger=migrator t=2025-09-03T15:12:46.870810761-05:00 level=info msg="Migration successfully executed" id="create user auth table" duration=504.266µs
logger=migrator t=2025-09-03T15:12:46.920721654-05:00 level=info msg="Executing migration" id="create index IDX_user_auth_auth_module_auth_id - v1"
logger=migrator t=2025-09-03T15:12:46.921560673-05:00 level=info msg="Migration successfully executed" id="create index IDX_user_auth_auth_module_auth_id - v1" duration=838.587µs
logger=migrator t=2025-09-03T15:12:46.926265044-05:00 level=info msg="Executing migration" id="alter user_auth.auth_id to length 190"
logger=migrator t=2025-09-03T15:12:46.926291011-05:00 level=info msg="Migration successfully executed" id="alter user_auth.auth_id to length 190" duration=26.746µs
logger=migrator t=2025-09-03T15:12:46.950813461-05:00 level=info msg="Executing migration" id="Add OAuth access token to user_auth"
logger=migrator t=2025-09-03T15:12:46.952654287-05:00 level=info msg="Migration successfully executed" id="Add OAuth access token to user_auth" duration=1.840693ms
logger=migrator t=2025-09-03T15:12:46.957220447-05:00 level=info msg="Executing migration" id="Add OAuth refresh token to user_auth"
logger=migrator t=2025-09-03T15:12:46.959038672-05:00 level=info msg="Migration successfully executed" id="Add OAuth refresh token to user_auth" duration=1.818215ms
logger=migrator t=2025-09-03T15:12:47.008883177-05:00 level=info msg="Executing migration" id="Add OAuth token type to user_auth"
logger=migrator t=2025-09-03T15:12:47.010764035-05:00 level=info msg="Migration successfully executed" id="Add OAuth token type to user_auth" duration=1.878412ms
logger=migrator t=2025-09-03T15:12:47.015320202-05:00 level=info msg="Executing migration" id="Add OAuth expiry to user_auth"
logger=migrator t=2025-09-03T15:12:47.017202955-05:00 level=info msg="Migration successfully executed" id="Add OAuth expiry to user_auth" duration=1.879314ms
logger=migrator t=2025-09-03T15:12:47.041629104-05:00 level=info msg="Executing migration" id="Add index to user_id column in user_auth"
logger=migrator t=2025-09-03T15:12:47.042211872-05:00 level=info msg="Migration successfully executed" id="Add index to user_id column in user_auth" duration=584.167µs
logger=migrator t=2025-09-03T15:12:47.067035359-05:00 level=info msg="Executing migration" id="Add OAuth ID token to user_auth"
logger=migrator t=2025-09-03T15:12:47.071159142-05:00 level=info msg="Migration successfully executed" id="Add OAuth ID token to user_auth" duration=4.126909ms
logger=migrator t=2025-09-03T15:12:47.119835214-05:00 level=info msg="Executing migration" id="Add user_unique_id to user_auth"
logger=migrator t=2025-09-03T15:12:47.124221565-05:00 level=info msg="Migration successfully executed" id="Add user_unique_id to user_auth" duration=4.390729ms
logger=migrator t=2025-09-03T15:12:47.129071681-05:00 level=info msg="Executing migration" id="create server_lock table"
logger=migrator t=2025-09-03T15:12:47.129411469-05:00 level=info msg="Migration successfully executed" id="create server_lock table" duration=339.929µs
logger=migrator t=2025-09-03T15:12:47.134594539-05:00 level=info msg="Executing migration" id="add index server_lock.operation_uid"
logger=migrator t=2025-09-03T15:12:47.13658911-05:00 level=info msg="Migration successfully executed" id="add index server_lock.operation_uid" duration=1.997054ms
logger=migrator t=2025-09-03T15:12:47.186708621-05:00 level=info msg="Executing migration" id="create user auth token table"
logger=migrator t=2025-09-03T15:12:47.189131068-05:00 level=info msg="Migration successfully executed" id="create user auth token table" duration=2.422377ms
logger=migrator t=2025-09-03T15:12:47.193762191-05:00 level=info msg="Executing migration" id="add unique index user_auth_token.auth_token"
logger=migrator t=2025-09-03T15:12:47.194745314-05:00 level=info msg="Migration successfully executed" id="add unique index user_auth_token.auth_token" duration=980.644µs
logger=migrator t=2025-09-03T15:12:47.220019463-05:00 level=info msg="Executing migration" id="add unique index user_auth_token.prev_auth_token"
logger=migrator t=2025-09-03T15:12:47.220657506-05:00 level=info msg="Migration successfully executed" id="add unique index user_auth_token.prev_auth_token" duration=638.346µs
logger=migrator t=2025-09-03T15:12:47.271402821-05:00 level=info msg="Executing migration" id="add index user_auth_token.user_id"
logger=migrator t=2025-09-03T15:12:47.271987364-05:00 level=info msg="Migration successfully executed" id="add index user_auth_token.user_id" duration=585.854µs
logger=migrator t=2025-09-03T15:12:47.276632638-05:00 level=info msg="Executing migration" id="Add revoked_at to the user auth token"
logger=migrator t=2025-09-03T15:12:47.278729778-05:00 level=info msg="Migration successfully executed" id="Add revoked_at to the user auth token" duration=2.096901ms
logger=migrator t=2025-09-03T15:12:47.283558553-05:00 level=info msg="Executing migration" id="add index user_auth_token.revoked_at"
logger=migrator t=2025-09-03T15:12:47.284973892-05:00 level=info msg="Migration successfully executed" id="add index user_auth_token.revoked_at" duration=1.416211ms
logger=migrator t=2025-09-03T15:12:47.290325527-05:00 level=info msg="Executing migration" id="add external_session_id to user_auth_token"
logger=migrator t=2025-09-03T15:12:47.292158028-05:00 level=info msg="Migration successfully executed" id="add external_session_id to user_auth_token" duration=1.83579ms
logger=migrator t=2025-09-03T15:12:47.343231549-05:00 level=info msg="Executing migration" id="create cache_data table"
logger=migrator t=2025-09-03T15:12:47.343715038-05:00 level=info msg="Migration successfully executed" id="create cache_data table" duration=484.061µs
logger=migrator t=2025-09-03T15:12:47.348604858-05:00 level=info msg="Executing migration" id="add unique index cache_data.cache_key"
logger=migrator t=2025-09-03T15:12:47.349089784-05:00 level=info msg="Migration successfully executed" id="add unique index cache_data.cache_key" duration=484.954µs
logger=migrator t=2025-09-03T15:12:47.373961925-05:00 level=info msg="Executing migration" id="create short_url table v1"
logger=migrator t=2025-09-03T15:12:47.375517865-05:00 level=info msg="Migration successfully executed" id="create short_url table v1" duration=1.560727ms
logger=migrator t=2025-09-03T15:12:47.380286435-05:00 level=info msg="Executing migration" id="add index short_url.org_id-uid"
logger=migrator t=2025-09-03T15:12:47.380753149-05:00 level=info msg="Migration successfully executed" id="add index short_url.org_id-uid" duration=466.543µs
logger=migrator t=2025-09-03T15:12:47.431622489-05:00 level=info msg="Executing migration" id="alter table short_url alter column created_by type to bigint"
logger=migrator t=2025-09-03T15:12:47.431665796-05:00 level=info msg="Migration successfully executed" id="alter table short_url alter column created_by type to bigint" duration=44.587µs
logger=migrator t=2025-09-03T15:12:47.436953711-05:00 level=info msg="Executing migration" id="delete alert_definition table"
logger=migrator t=2025-09-03T15:12:47.437001213-05:00 level=info msg="Migration successfully executed" id="delete alert_definition table" duration=47.944µs
logger=migrator t=2025-09-03T15:12:47.441659536-05:00 level=info msg="Executing migration" id="recreate alert_definition table"
logger=migrator t=2025-09-03T15:12:47.442115131-05:00 level=info msg="Migration successfully executed" id="recreate alert_definition table" duration=454.496µs
logger=migrator t=2025-09-03T15:12:47.446966267-05:00 level=info msg="Executing migration" id="add index in alert_definition on org_id and title columns"
logger=migrator t=2025-09-03T15:12:47.44815726-05:00 level=info msg="Migration successfully executed" id="add index in alert_definition on org_id and title columns" duration=1.191429ms
logger=migrator t=2025-09-03T15:12:47.499762406-05:00 level=info msg="Executing migration" id="add index in alert_definition on org_id and uid columns"
logger=migrator t=2025-09-03T15:12:47.501141233-05:00 level=info msg="Migration successfully executed" id="add index in alert_definition on org_id and uid columns" duration=1.381831ms
logger=migrator t=2025-09-03T15:12:47.525979508-05:00 level=info msg="Executing migration" id="alter alert_definition table data column to mediumtext in mysql"
logger=migrator t=2025-09-03T15:12:47.52601535-05:00 level=info msg="Migration successfully executed" id="alter alert_definition table data column to mediumtext in mysql" duration=34.118µs
logger=migrator t=2025-09-03T15:12:47.531634217-05:00 level=info msg="Executing migration" id="drop index in alert_definition on org_id and title columns"
logger=migrator t=2025-09-03T15:12:47.532742176-05:00 level=info msg="Migration successfully executed" id="drop index in alert_definition on org_id and title columns" duration=1.116372ms
logger=migrator t=2025-09-03T15:12:47.585157603-05:00 level=info msg="Executing migration" id="drop index in alert_definition on org_id and uid columns"
logger=migrator t=2025-09-03T15:12:47.586285572-05:00 level=info msg="Migration successfully executed" id="drop index in alert_definition on org_id and uid columns" duration=1.132076ms
logger=migrator t=2025-09-03T15:12:47.612574737-05:00 level=info msg="Executing migration" id="add unique index in alert_definition on org_id and title columns"
logger=migrator t=2025-09-03T15:12:47.614309299-05:00 level=info msg="Migration successfully executed" id="add unique index in alert_definition on org_id and title columns" duration=1.738974ms
logger=migrator t=2025-09-03T15:12:47.6836569-05:00 level=info msg="Executing migration" id="add unique index in alert_definition on org_id and uid columns"
logger=migrator t=2025-09-03T15:12:47.684305056-05:00 level=info msg="Migration successfully executed" id="add unique index in alert_definition on org_id and uid columns" duration=649.289µs
logger=migrator t=2025-09-03T15:12:47.688767088-05:00 level=info msg="Executing migration" id="Add column paused in alert_definition"
logger=migrator t=2025-09-03T15:12:47.691399209-05:00 level=info msg="Migration successfully executed" id="Add column paused in alert_definition" duration=2.631369ms
logger=migrator t=2025-09-03T15:12:47.716261088-05:00 level=info msg="Executing migration" id="drop alert_definition table"
logger=migrator t=2025-09-03T15:12:47.718215644-05:00 level=info msg="Migration successfully executed" id="drop alert_definition table" duration=1.955309ms
logger=migrator t=2025-09-03T15:12:47.743391428-05:00 level=info msg="Executing migration" id="delete alert_definition_version table"
logger=migrator t=2025-09-03T15:12:47.743639301-05:00 level=info msg="Migration successfully executed" id="delete alert_definition_version table" duration=249.655µs
logger=migrator t=2025-09-03T15:12:47.79263078-05:00 level=info msg="Executing migration" id="recreate alert_definition_version table"
logger=migrator t=2025-09-03T15:12:47.793160946-05:00 level=info msg="Migration successfully executed" id="recreate alert_definition_version table" duration=531.259µs
logger=migrator t=2025-09-03T15:12:47.81841572-05:00 level=info msg="Executing migration" id="add index in alert_definition_version table on alert_definition_id and version columns"
logger=migrator t=2025-09-03T15:12:47.819069618-05:00 level=info msg="Migration successfully executed" id="add index in alert_definition_version table on alert_definition_id and version columns" duration=654.753µs
logger=migrator t=2025-09-03T15:12:47.824335185-05:00 level=info msg="Executing migration" id="add index in alert_definition_version table on alert_definition_uid and version columns"
logger=migrator t=2025-09-03T15:12:47.824870554-05:00 level=info msg="Migration successfully executed" id="add index in alert_definition_version table on alert_definition_uid and version columns" duration=537.1µs
logger=migrator t=2025-09-03T15:12:47.910563257-05:00 level=info msg="Executing migration" id="alter alert_definition_version table data column to mediumtext in mysql"
logger=migrator t=2025-09-03T15:12:47.910598906-05:00 level=info msg="Migration successfully executed" id="alter alert_definition_version table data column to mediumtext in mysql" duration=37.312µs
logger=migrator t=2025-09-03T15:12:47.959739282-05:00 level=info msg="Executing migration" id="drop alert_definition_version table"
logger=migrator t=2025-09-03T15:12:47.960219064-05:00 level=info msg="Migration successfully executed" id="drop alert_definition_version table" duration=480.201µs
logger=migrator t=2025-09-03T15:12:47.9850425-05:00 level=info msg="Executing migration" id="create alert_instance table"
logger=migrator t=2025-09-03T15:12:47.986482316-05:00 level=info msg="Migration successfully executed" id="create alert_instance table" duration=1.437223ms
logger=migrator t=2025-09-03T15:12:48.030335889-05:00 level=info msg="Executing migration" id="add index in alert_instance table on def_org_id, def_uid and current_state columns"
logger=migrator t=2025-09-03T15:12:48.031072243-05:00 level=info msg="Migration successfully executed" id="add index in alert_instance table on def_org_id, def_uid and current_state columns" duration=736.977µs
logger=migrator t=2025-09-03T15:12:48.055704644-05:00 level=info msg="Executing migration" id="add index in alert_instance table on def_org_id, current_state columns"
logger=migrator t=2025-09-03T15:12:48.05624882-05:00 level=info msg="Migration successfully executed" id="add index in alert_instance table on def_org_id, current_state columns" duration=544.741µs
logger=migrator t=2025-09-03T15:12:48.060908988-05:00 level=info msg="Executing migration" id="add column current_state_end to alert_instance"
logger=migrator t=2025-09-03T15:12:48.063384567-05:00 level=info msg="Migration successfully executed" id="add column current_state_end to alert_instance" duration=2.475667ms
logger=migrator t=2025-09-03T15:12:48.088460274-05:00 level=info msg="Executing migration" id="remove index def_org_id, def_uid, current_state on alert_instance"
logger=migrator t=2025-09-03T15:12:48.089157068-05:00 level=info msg="Migration successfully executed" id="remove index def_org_id, def_uid, current_state on alert_instance" duration=698.642µs
logger=migrator t=2025-09-03T15:12:48.134587831-05:00 level=info msg="Executing migration" id="remove index def_org_id, current_state on alert_instance"
logger=migrator t=2025-09-03T15:12:48.135085434-05:00 level=info msg="Migration successfully executed" id="remove index def_org_id, current_state on alert_instance" duration=498.425µs
logger=migrator t=2025-09-03T15:12:48.160687049-05:00 level=info msg="Executing migration" id="rename def_org_id to rule_org_id in alert_instance"
logger=migrator t=2025-09-03T15:12:48.169156886-05:00 level=info msg="Migration successfully executed" id="rename def_org_id to rule_org_id in alert_instance" duration=8.469192ms
logger=migrator t=2025-09-03T15:12:48.194635921-05:00 level=info msg="Executing migration" id="rename def_uid to rule_uid in alert_instance"
logger=migrator t=2025-09-03T15:12:48.205808519-05:00 level=info msg="Migration successfully executed" id="rename def_uid to rule_uid in alert_instance" duration=11.173372ms
logger=migrator t=2025-09-03T15:12:48.25989167-05:00 level=info msg="Executing migration" id="add index rule_org_id, rule_uid, current_state on alert_instance"
logger=migrator t=2025-09-03T15:12:48.262082858-05:00 level=info msg="Migration successfully executed" id="add index rule_org_id, rule_uid, current_state on alert_instance" duration=2.193662ms
logger=migrator t=2025-09-03T15:12:48.266733155-05:00 level=info msg="Executing migration" id="add index rule_org_id, current_state on alert_instance"
logger=migrator t=2025-09-03T15:12:48.267373055-05:00 level=info msg="Migration successfully executed" id="add index rule_org_id, current_state on alert_instance" duration=639.695µs
logger=migrator t=2025-09-03T15:12:48.292473973-05:00 level=info msg="Executing migration" id="add current_reason column related to current_state"
logger=migrator t=2025-09-03T15:12:48.2944292-05:00 level=info msg="Migration successfully executed" id="add current_reason column related to current_state" duration=1.955523ms
logger=migrator t=2025-09-03T15:12:48.319100404-05:00 level=info msg="Executing migration" id="add result_fingerprint column to alert_instance"
logger=migrator t=2025-09-03T15:12:48.321079331-05:00 level=info msg="Migration successfully executed" id="add result_fingerprint column to alert_instance" duration=1.979916ms
logger=migrator t=2025-09-03T15:12:48.345764115-05:00 level=info msg="Executing migration" id="create alert_rule table"
logger=migrator t=2025-09-03T15:12:48.347547518-05:00 level=info msg="Migration successfully executed" id="create alert_rule table" duration=1.784387ms
logger=migrator t=2025-09-03T15:12:48.352330583-05:00 level=info msg="Executing migration" id="add index in alert_rule on org_id and title columns"
logger=migrator t=2025-09-03T15:12:48.352852464-05:00 level=info msg="Migration successfully executed" id="add index in alert_rule on org_id and title columns" duration=521.665µs
logger=migrator t=2025-09-03T15:12:48.357410734-05:00 level=info msg="Executing migration" id="add index in alert_rule on org_id and uid columns"
logger=migrator t=2025-09-03T15:12:48.359058148-05:00 level=info msg="Migration successfully executed" id="add index in alert_rule on org_id and uid columns" duration=1.64236ms
logger=migrator t=2025-09-03T15:12:48.365352438-05:00 level=info msg="Executing migration" id="add index in alert_rule on org_id, namespace_uid, group_uid columns"
logger=migrator t=2025-09-03T15:12:48.366070914-05:00 level=info msg="Migration successfully executed" id="add index in alert_rule on org_id, namespace_uid, group_uid columns" duration=716.513µs
logger=migrator t=2025-09-03T15:12:48.415810266-05:00 level=info msg="Executing migration" id="alter alert_rule table data column to mediumtext in mysql"
logger=migrator t=2025-09-03T15:12:48.415895279-05:00 level=info msg="Migration successfully executed" id="alter alert_rule table data column to mediumtext in mysql" duration=86.291µs
logger=migrator t=2025-09-03T15:12:48.420373133-05:00 level=info msg="Executing migration" id="add column for to alert_rule"
logger=migrator t=2025-09-03T15:12:48.422705771-05:00 level=info msg="Migration successfully executed" id="add column for to alert_rule" duration=2.331528ms
logger=migrator t=2025-09-03T15:12:48.427654307-05:00 level=info msg="Executing migration" id="add column annotations to alert_rule"
logger=migrator t=2025-09-03T15:12:48.432078645-05:00 level=info msg="Migration successfully executed" id="add column annotations to alert_rule" duration=4.4262ms
logger=migrator t=2025-09-03T15:12:48.435929418-05:00 level=info msg="Executing migration" id="add column labels to alert_rule"
logger=migrator t=2025-09-03T15:12:48.437888946-05:00 level=info msg="Migration successfully executed" id="add column labels to alert_rule" duration=1.958916ms
logger=migrator t=2025-09-03T15:12:48.508180688-05:00 level=info msg="Executing migration" id="remove unique index from alert_rule on org_id, title columns"
logger=migrator t=2025-09-03T15:12:48.510063887-05:00 level=info msg="Migration successfully executed" id="remove unique index from alert_rule on org_id, title columns" duration=1.881973ms
logger=migrator t=2025-09-03T15:12:48.515104654-05:00 level=info msg="Executing migration" id="add index in alert_rule on org_id, namespase_uid and title columns"
logger=migrator t=2025-09-03T15:12:48.515697605-05:00 level=info msg="Migration successfully executed" id="add index in alert_rule on org_id, namespase_uid and title columns" duration=592.652µs
logger=migrator t=2025-09-03T15:12:48.52066744-05:00 level=info msg="Executing migration" id="add dashboard_uid column to alert_rule"
logger=migrator t=2025-09-03T15:12:48.524551663-05:00 level=info msg="Migration successfully executed" id="add dashboard_uid column to alert_rule" duration=3.883017ms
logger=migrator t=2025-09-03T15:12:48.529506431-05:00 level=info msg="Executing migration" id="add panel_id column to alert_rule"
logger=migrator t=2025-09-03T15:12:48.534208595-05:00 level=info msg="Migration successfully executed" id="add panel_id column to alert_rule" duration=4.70359ms
logger=migrator t=2025-09-03T15:12:48.583856408-05:00 level=info msg="Executing migration" id="add index in alert_rule on org_id, dashboard_uid and panel_id columns"
logger=migrator t=2025-09-03T15:12:48.58456124-05:00 level=info msg="Migration successfully executed" id="add index in alert_rule on org_id, dashboard_uid and panel_id columns" duration=708.021µs
logger=migrator t=2025-09-03T15:12:48.589617215-05:00 level=info msg="Executing migration" id="add rule_group_idx column to alert_rule"
logger=migrator t=2025-09-03T15:12:48.591615413-05:00 level=info msg="Migration successfully executed" id="add rule_group_idx column to alert_rule" duration=1.997695ms
logger=migrator t=2025-09-03T15:12:48.596027511-05:00 level=info msg="Executing migration" id="add is_paused column to alert_rule table"
logger=migrator t=2025-09-03T15:12:48.598368209-05:00 level=info msg="Migration successfully executed" id="add is_paused column to alert_rule table" duration=2.339694ms
logger=migrator t=2025-09-03T15:12:48.622910305-05:00 level=info msg="Executing migration" id="fix is_paused column for alert_rule table"
logger=migrator t=2025-09-03T15:12:48.622990329-05:00 level=info msg="Migration successfully executed" id="fix is_paused column for alert_rule table" duration=82.809µs
logger=migrator t=2025-09-03T15:12:48.673642944-05:00 level=info msg="Executing migration" id="alter table alert_rule alter column rule_group_idx type to bigint"
logger=migrator t=2025-09-03T15:12:48.673727866-05:00 level=info msg="Migration successfully executed" id="alter table alert_rule alter column rule_group_idx type to bigint" duration=88.09µs
logger=migrator t=2025-09-03T15:12:48.679329235-05:00 level=info msg="Executing migration" id="create alert_rule_version table"
logger=migrator t=2025-09-03T15:12:48.681346896-05:00 level=info msg="Migration successfully executed" id="create alert_rule_version table" duration=2.016869ms
logger=migrator t=2025-09-03T15:12:48.686482874-05:00 level=info msg="Executing migration" id="add index in alert_rule_version table on rule_org_id, rule_uid and version columns"
logger=migrator t=2025-09-03T15:12:48.68695489-05:00 level=info msg="Migration successfully executed" id="add index in alert_rule_version table on rule_org_id, rule_uid and version columns" duration=484.721µs
logger=migrator t=2025-09-03T15:12:48.69199812-05:00 level=info msg="Executing migration" id="add index in alert_rule_version table on rule_org_id, rule_namespace_uid and rule_group columns"
logger=migrator t=2025-09-03T15:12:48.694079274-05:00 level=info msg="Migration successfully executed" id="add index in alert_rule_version table on rule_org_id, rule_namespace_uid and rule_group columns" duration=2.080685ms
logger=migrator t=2025-09-03T15:12:48.746391695-05:00 level=info msg="Executing migration" id="alter alert_rule_version table data column to mediumtext in mysql"
logger=migrator t=2025-09-03T15:12:48.74643746-05:00 level=info msg="Migration successfully executed" id="alter alert_rule_version table data column to mediumtext in mysql" duration=47.31µs
logger=migrator t=2025-09-03T15:12:48.751516801-05:00 level=info msg="Executing migration" id="add column for to alert_rule_version"
logger=migrator t=2025-09-03T15:12:48.754545487-05:00 level=info msg="Migration successfully executed" id="add column for to alert_rule_version" duration=3.028766ms
logger=migrator t=2025-09-03T15:12:48.759420439-05:00 level=info msg="Executing migration" id="add column annotations to alert_rule_version"
logger=migrator t=2025-09-03T15:12:48.76146401-05:00 level=info msg="Migration successfully executed" id="add column annotations to alert_rule_version" duration=2.048119ms
logger=migrator t=2025-09-03T15:12:48.766326128-05:00 level=info msg="Executing migration" id="add column labels to alert_rule_version"
logger=migrator t=2025-09-03T15:12:48.768326624-05:00 level=info msg="Migration successfully executed" id="add column labels to alert_rule_version" duration=2.000231ms
logger=migrator t=2025-09-03T15:12:48.820288071-05:00 level=info msg="Executing migration" id="add rule_group_idx column to alert_rule_version"
logger=migrator t=2025-09-03T15:12:48.825047916-05:00 level=info msg="Migration successfully executed" id="add rule_group_idx column to alert_rule_version" duration=4.760674ms
logger=migrator t=2025-09-03T15:12:48.83024881-05:00 level=info msg="Executing migration" id="add is_paused column to alert_rule_versions table"
logger=migrator t=2025-09-03T15:12:48.834260797-05:00 level=info msg="Migration successfully executed" id="add is_paused column to alert_rule_versions table" duration=4.024036ms
logger=migrator t=2025-09-03T15:12:48.83879788-05:00 level=info msg="Executing migration" id="fix is_paused column for alert_rule_version table"
logger=migrator t=2025-09-03T15:12:48.838841135-05:00 level=info msg="Migration successfully executed" id="fix is_paused column for alert_rule_version table" duration=45.385µs
logger=migrator t=2025-09-03T15:12:48.864177783-05:00 level=info msg="Executing migration" id="alter table alert_rule_version alter column rule_group_idx type to bigint"
logger=migrator t=2025-09-03T15:12:48.864222891-05:00 level=info msg="Migration successfully executed" id="alter table alert_rule_version alter column rule_group_idx type to bigint" duration=46.628µs
logger=migrator t=2025-09-03T15:12:48.915991857-05:00 level=info msg="Executing migration" id=create_alert_configuration_table
logger=migrator t=2025-09-03T15:12:48.916596403-05:00 level=info msg="Migration successfully executed" id=create_alert_configuration_table duration=605.935µs
logger=migrator t=2025-09-03T15:12:48.921450511-05:00 level=info msg="Executing migration" id="Add column default in alert_configuration"
logger=migrator t=2025-09-03T15:12:48.925082557-05:00 level=info msg="Migration successfully executed" id="Add column default in alert_configuration" duration=3.631359ms
logger=migrator t=2025-09-03T15:12:48.930108704-05:00 level=info msg="Executing migration" id="alert alert_configuration alertmanager_configuration column from TEXT to MEDIUMTEXT if mysql"
logger=migrator t=2025-09-03T15:12:48.930142109-05:00 level=info msg="Migration successfully executed" id="alert alert_configuration alertmanager_configuration column from TEXT to MEDIUMTEXT if mysql" duration=34.339µs
logger=migrator t=2025-09-03T15:12:48.979846979-05:00 level=info msg="Executing migration" id="add column org_id in alert_configuration"
logger=migrator t=2025-09-03T15:12:48.983279808-05:00 level=info msg="Migration successfully executed" id="add column org_id in alert_configuration" duration=3.433616ms
logger=migrator t=2025-09-03T15:12:48.988148971-05:00 level=info msg="Executing migration" id="add index in alert_configuration table on org_id column"
logger=migrator t=2025-09-03T15:12:48.989044727-05:00 level=info msg="Migration successfully executed" id="add index in alert_configuration table on org_id column" duration=897.208µs
logger=migrator t=2025-09-03T15:12:49.014579849-05:00 level=info msg="Executing migration" id="add configuration_hash column to alert_configuration"
logger=migrator t=2025-09-03T15:12:49.018263384-05:00 level=info msg="Migration successfully executed" id="add configuration_hash column to alert_configuration" duration=3.684135ms
logger=migrator t=2025-09-03T15:12:49.022908851-05:00 level=info msg="Executing migration" id=create_ngalert_configuration_table
logger=migrator t=2025-09-03T15:12:49.023471496-05:00 level=info msg="Migration successfully executed" id=create_ngalert_configuration_table duration=562.462µs
logger=migrator t=2025-09-03T15:12:49.072325076-05:00 level=info msg="Executing migration" id="add index in ngalert_configuration on org_id column"
logger=migrator t=2025-09-03T15:12:49.073043341-05:00 level=info msg="Migration successfully executed" id="add index in ngalert_configuration on org_id column" duration=721.359µs
logger=migrator t=2025-09-03T15:12:49.077936028-05:00 level=info msg="Executing migration" id="add column send_alerts_to in ngalert_configuration"
logger=migrator t=2025-09-03T15:12:49.081444807-05:00 level=info msg="Migration successfully executed" id="add column send_alerts_to in ngalert_configuration" duration=3.507917ms
logger=migrator t=2025-09-03T15:12:49.0863335-05:00 level=info msg="Executing migration" id="create provenance_type table"
logger=migrator t=2025-09-03T15:12:49.086850273-05:00 level=info msg="Migration successfully executed" id="create provenance_type table" duration=516.414µs
logger=migrator t=2025-09-03T15:12:49.092187122-05:00 level=info msg="Executing migration" id="add index to uniquify (record_key, record_type, org_id) columns"
logger=migrator t=2025-09-03T15:12:49.092861075-05:00 level=info msg="Migration successfully executed" id="add index to uniquify (record_key, record_type, org_id) columns" duration=674.264µs
logger=migrator t=2025-09-03T15:12:49.142075064-05:00 level=info msg="Executing migration" id="create alert_image table"
logger=migrator t=2025-09-03T15:12:49.14377127-05:00 level=info msg="Migration successfully executed" id="create alert_image table" duration=1.715102ms
logger=migrator t=2025-09-03T15:12:49.148744881-05:00 level=info msg="Executing migration" id="add unique index on token to alert_image table"
logger=migrator t=2025-09-03T15:12:49.150318273-05:00 level=info msg="Migration successfully executed" id="add unique index on token to alert_image table" duration=1.57408ms
logger=migrator t=2025-09-03T15:12:49.155145412-05:00 level=info msg="Executing migration" id="support longer URLs in alert_image table"
logger=migrator t=2025-09-03T15:12:49.155166211-05:00 level=info msg="Migration successfully executed" id="support longer URLs in alert_image table" duration=21.547µs
logger=migrator t=2025-09-03T15:12:49.179745003-05:00 level=info msg="Executing migration" id=create_alert_configuration_history_table
logger=migrator t=2025-09-03T15:12:49.180258134-05:00 level=info msg="Migration successfully executed" id=create_alert_configuration_history_table duration=513.175µs
logger=migrator t=2025-09-03T15:12:49.22915344-05:00 level=info msg="Executing migration" id="drop non-unique orgID index on alert_configuration"
logger=migrator t=2025-09-03T15:12:49.229898243-05:00 level=info msg="Migration successfully executed" id="drop non-unique orgID index on alert_configuration" duration=746.103µs
logger=migrator t=2025-09-03T15:12:49.234705292-05:00 level=info msg="Executing migration" id="drop unique orgID index on alert_configuration if exists"
logger=migrator t=2025-09-03T15:12:49.234958032-05:00 level=warn msg="Skipping migration: Already executed, but not recorded in migration log" id="drop unique orgID index on alert_configuration if exists"
logger=migrator t=2025-09-03T15:12:49.25969388-05:00 level=info msg="Executing migration" id="extract alertmanager configuration history to separate table"
logger=migrator t=2025-09-03T15:12:49.260441128-05:00 level=info msg="Migration successfully executed" id="extract alertmanager configuration history to separate table" duration=724.529µs
logger=migrator t=2025-09-03T15:12:49.30969883-05:00 level=info msg="Executing migration" id="add unique index on orgID to alert_configuration"
logger=migrator t=2025-09-03T15:12:49.310430566-05:00 level=info msg="Migration successfully executed" id="add unique index on orgID to alert_configuration" duration=732.504µs
logger=migrator t=2025-09-03T15:12:49.315286782-05:00 level=info msg="Executing migration" id="add last_applied column to alert_configuration_history"
logger=migrator t=2025-09-03T15:12:49.319085383-05:00 level=info msg="Migration successfully executed" id="add last_applied column to alert_configuration_history" duration=3.798255ms
logger=migrator t=2025-09-03T15:12:49.32441322-05:00 level=info msg="Executing migration" id="create library_element table v1"
logger=migrator t=2025-09-03T15:12:49.325136097-05:00 level=info msg="Migration successfully executed" id="create library_element table v1" duration=723.632µs
logger=migrator t=2025-09-03T15:12:49.376592099-05:00 level=info msg="Executing migration" id="add index library_element org_id-folder_id-name-kind"
logger=migrator t=2025-09-03T15:12:49.377364117-05:00 level=info msg="Migration successfully executed" id="add index library_element org_id-folder_id-name-kind" duration=772.848µs
logger=migrator t=2025-09-03T15:12:49.383165754-05:00 level=info msg="Executing migration" id="create library_element_connection table v1"
logger=migrator t=2025-09-03T15:12:49.383816788-05:00 level=info msg="Migration successfully executed" id="create library_element_connection table v1" duration=647.595µs
logger=migrator t=2025-09-03T15:12:49.388786154-05:00 level=info msg="Executing migration" id="add index library_element_connection element_id-kind-connection_id"
logger=migrator t=2025-09-03T15:12:49.389679742-05:00 level=info msg="Migration successfully executed" id="add index library_element_connection element_id-kind-connection_id" duration=889.668µs
logger=migrator t=2025-09-03T15:12:49.415379934-05:00 level=info msg="Executing migration" id="add unique index library_element org_id_uid"
logger=migrator t=2025-09-03T15:12:49.417562401-05:00 level=info msg="Migration successfully executed" id="add unique index library_element org_id_uid" duration=2.186262ms
logger=migrator t=2025-09-03T15:12:49.468890064-05:00 level=info msg="Executing migration" id="increase max description length to 2048"
logger=migrator t=2025-09-03T15:12:49.468987035-05:00 level=info msg="Migration successfully executed" id="increase max description length to 2048" duration=99.359µs
logger=migrator t=2025-09-03T15:12:49.494343131-05:00 level=info msg="Executing migration" id="alter library_element model to mediumtext"
logger=migrator t=2025-09-03T15:12:49.494440874-05:00 level=info msg="Migration successfully executed" id="alter library_element model to mediumtext" duration=100.424µs
logger=migrator t=2025-09-03T15:12:49.501428848-05:00 level=info msg="Executing migration" id="add library_element folder uid"
logger=migrator t=2025-09-03T15:12:49.505236834-05:00 level=info msg="Migration successfully executed" id="add library_element folder uid" duration=3.809764ms
logger=migrator t=2025-09-03T15:12:49.509597844-05:00 level=info msg="Executing migration" id="populate library_element folder_uid"
logger=migrator t=2025-09-03T15:12:49.509796405-05:00 level=info msg="Migration successfully executed" id="populate library_element folder_uid" duration=199.003µs
logger=migrator t=2025-09-03T15:12:49.556298835-05:00 level=info msg="Executing migration" id="add index library_element org_id-folder_uid-name-kind"
logger=migrator t=2025-09-03T15:12:49.557949584-05:00 level=info msg="Migration successfully executed" id="add index library_element org_id-folder_uid-name-kind" duration=1.653356ms
logger=migrator t=2025-09-03T15:12:49.562715449-05:00 level=info msg="Executing migration" id="clone move dashboard alerts to unified alerting"
logger=migrator t=2025-09-03T15:12:49.562874538-05:00 level=info msg="Migration successfully executed" id="clone move dashboard alerts to unified alerting" duration=159.689µs
logger=migrator t=2025-09-03T15:12:49.567372066-05:00 level=info msg="Executing migration" id="create data_keys table"
logger=migrator t=2025-09-03T15:12:49.568003884-05:00 level=info msg="Migration successfully executed" id="create data_keys table" duration=631.346µs
logger=migrator t=2025-09-03T15:12:49.573042296-05:00 level=info msg="Executing migration" id="create secrets table"
logger=migrator t=2025-09-03T15:12:49.573584608-05:00 level=info msg="Migration successfully executed" id="create secrets table" duration=541.777µs
logger=migrator t=2025-09-03T15:12:49.622645291-05:00 level=info msg="Executing migration" id="rename data_keys name column to id"
logger=migrator t=2025-09-03T15:12:49.634919164-05:00 level=info msg="Migration successfully executed" id="rename data_keys name column to id" duration=12.274839ms
logger=migrator t=2025-09-03T15:12:49.638885909-05:00 level=info msg="Executing migration" id="add name column into data_keys"
logger=migrator t=2025-09-03T15:12:49.641323058-05:00 level=info msg="Migration successfully executed" id="add name column into data_keys" duration=2.437618ms
logger=migrator t=2025-09-03T15:12:49.666651852-05:00 level=info msg="Executing migration" id="copy data_keys id column values into name"
logger=migrator t=2025-09-03T15:12:49.666802515-05:00 level=info msg="Migration successfully executed" id="copy data_keys id column values into name" duration=151.724µs
logger=migrator t=2025-09-03T15:12:49.671827431-05:00 level=info msg="Executing migration" id="rename data_keys name column to label"
logger=migrator t=2025-09-03T15:12:49.683351996-05:00 level=info msg="Migration successfully executed" id="rename data_keys name column to label" duration=11.526603ms
logger=migrator t=2025-09-03T15:12:49.734643508-05:00 level=info msg="Executing migration" id="rename data_keys id column back to name"
logger=migrator t=2025-09-03T15:12:49.747085513-05:00 level=info msg="Migration successfully executed" id="rename data_keys id column back to name" duration=12.439598ms
logger=migrator t=2025-09-03T15:12:49.751669586-05:00 level=info msg="Executing migration" id="create kv_store table v1"
logger=migrator t=2025-09-03T15:12:49.752189553-05:00 level=info msg="Migration successfully executed" id="create kv_store table v1" duration=519.687µs
logger=migrator t=2025-09-03T15:12:49.75734552-05:00 level=info msg="Executing migration" id="add index kv_store.org_id-namespace-key"
logger=migrator t=2025-09-03T15:12:49.758369757-05:00 level=info msg="Migration successfully executed" id="add index kv_store.org_id-namespace-key" duration=1.023575ms
logger=migrator t=2025-09-03T15:12:49.763976663-05:00 level=info msg="Executing migration" id="update dashboard_uid and panel_id from existing annotations"
logger=migrator t=2025-09-03T15:12:49.764466229-05:00 level=info msg="Migration successfully executed" id="update dashboard_uid and panel_id from existing annotations" duration=489.169µs
logger=migrator t=2025-09-03T15:12:49.812186286-05:00 level=info msg="Executing migration" id="create permission table"
logger=migrator t=2025-09-03T15:12:49.812805537-05:00 level=info msg="Migration successfully executed" id="create permission table" duration=620.112µs
logger=migrator t=2025-09-03T15:12:49.817949199-05:00 level=info msg="Executing migration" id="add unique index permission.role_id"
logger=migrator t=2025-09-03T15:12:49.818562588-05:00 level=info msg="Migration successfully executed" id="add unique index permission.role_id" duration=613.042µs
logger=migrator t=2025-09-03T15:12:49.843667739-05:00 level=info msg="Executing migration" id="add unique index role_id_action_scope"
logger=migrator t=2025-09-03T15:12:49.844355637-05:00 level=info msg="Migration successfully executed" id="add unique index role_id_action_scope" duration=688.812µs
logger=migrator t=2025-09-03T15:12:49.890757916-05:00 level=info msg="Executing migration" id="create role table"
logger=migrator t=2025-09-03T15:12:49.891855529-05:00 level=info msg="Migration successfully executed" id="create role table" duration=1.097515ms
logger=migrator t=2025-09-03T15:12:49.897272302-05:00 level=info msg="Executing migration" id="add column display_name"
logger=migrator t=2025-09-03T15:12:49.901322937-05:00 level=info msg="Migration successfully executed" id="add column display_name" duration=4.053176ms
logger=migrator t=2025-09-03T15:12:49.906082381-05:00 level=info msg="Executing migration" id="add column group_name"
logger=migrator t=2025-09-03T15:12:49.908466984-05:00 level=info msg="Migration successfully executed" id="add column group_name" duration=2.384391ms
logger=migrator t=2025-09-03T15:12:49.972886019-05:00 level=info msg="Executing migration" id="add index role.org_id"
logger=migrator t=2025-09-03T15:12:49.973708462-05:00 level=info msg="Migration successfully executed" id="add index role.org_id" duration=827.04µs
logger=migrator t=2025-09-03T15:12:49.978480727-05:00 level=info msg="Executing migration" id="add unique index role_org_id_name"
logger=migrator t=2025-09-03T15:12:49.978947749-05:00 level=info msg="Migration successfully executed" id="add unique index role_org_id_name" duration=466.837µs
logger=migrator t=2025-09-03T15:12:50.004561291-05:00 level=info msg="Executing migration" id="add index role_org_id_uid"
logger=migrator t=2025-09-03T15:12:50.005990169-05:00 level=info msg="Migration successfully executed" id="add index role_org_id_uid" duration=1.424342ms
logger=migrator t=2025-09-03T15:12:50.032011708-05:00 level=info msg="Executing migration" id="create team role table"
logger=migrator t=2025-09-03T15:12:50.032546585-05:00 level=info msg="Migration successfully executed" id="create team role table" duration=534.569µs
logger=migrator t=2025-09-03T15:12:50.097603415-05:00 level=info msg="Executing migration" id="add index team_role.org_id"
logger=migrator t=2025-09-03T15:12:50.098238554-05:00 level=info msg="Migration successfully executed" id="add index team_role.org_id" duration=636.105µs
logger=migrator t=2025-09-03T15:12:50.102939533-05:00 level=info msg="Executing migration" id="add unique index team_role_org_id_team_id_role_id"
logger=migrator t=2025-09-03T15:12:50.10385637-05:00 level=info msg="Migration successfully executed" id="add unique index team_role_org_id_team_id_role_id" duration=910.651µs
logger=migrator t=2025-09-03T15:12:50.109037577-05:00 level=info msg="Executing migration" id="add index team_role.team_id"
logger=migrator t=2025-09-03T15:12:50.10967152-05:00 level=info msg="Migration successfully executed" id="add index team_role.team_id" duration=634.231µs
logger=migrator t=2025-09-03T15:12:50.1352605-05:00 level=info msg="Executing migration" id="create user role table"
logger=migrator t=2025-09-03T15:12:50.135859118-05:00 level=info msg="Migration successfully executed" id="create user role table" duration=599.439µs
logger=migrator t=2025-09-03T15:12:50.180620995-05:00 level=info msg="Executing migration" id="add index user_role.org_id"
logger=migrator t=2025-09-03T15:12:50.181305213-05:00 level=info msg="Migration successfully executed" id="add index user_role.org_id" duration=685.102µs
logger=migrator t=2025-09-03T15:12:50.186363246-05:00 level=info msg="Executing migration" id="add unique index user_role_org_id_user_id_role_id"
logger=migrator t=2025-09-03T15:12:50.186968572-05:00 level=info msg="Migration successfully executed" id="add unique index user_role_org_id_user_id_role_id" duration=605.114µs
logger=migrator t=2025-09-03T15:12:50.212424259-05:00 level=info msg="Executing migration" id="add index user_role.user_id"
logger=migrator t=2025-09-03T15:12:50.213118147-05:00 level=info msg="Migration successfully executed" id="add index user_role.user_id" duration=701.218µs
logger=migrator t=2025-09-03T15:12:50.258645286-05:00 level=info msg="Executing migration" id="create builtin role table"
logger=migrator t=2025-09-03T15:12:50.259248354-05:00 level=info msg="Migration successfully executed" id="create builtin role table" duration=604.377µs
logger=migrator t=2025-09-03T15:12:50.263938914-05:00 level=info msg="Executing migration" id="add index builtin_role.role_id"
logger=migrator t=2025-09-03T15:12:50.264601092-05:00 level=info msg="Migration successfully executed" id="add index builtin_role.role_id" duration=661.754µs
logger=migrator t=2025-09-03T15:12:50.290290913-05:00 level=info msg="Executing migration" id="add index builtin_role.name"
logger=migrator t=2025-09-03T15:12:50.291857906-05:00 level=info msg="Migration successfully executed" id="add index builtin_role.name" duration=1.566618ms
logger=migrator t=2025-09-03T15:12:50.3366938-05:00 level=info msg="Executing migration" id="Add column org_id to builtin_role table"
logger=migrator t=2025-09-03T15:12:50.34139498-05:00 level=info msg="Migration successfully executed" id="Add column org_id to builtin_role table" duration=4.70527ms
logger=migrator t=2025-09-03T15:12:50.346919589-05:00 level=info msg="Executing migration" id="add index builtin_role.org_id"
logger=migrator t=2025-09-03T15:12:50.347364227-05:00 level=info msg="Migration successfully executed" id="add index builtin_role.org_id" duration=444.691µs
logger=migrator t=2025-09-03T15:12:50.353194713-05:00 level=info msg="Executing migration" id="add unique index builtin_role_org_id_role_id_role"
logger=migrator t=2025-09-03T15:12:50.353749265-05:00 level=info msg="Migration successfully executed" id="add unique index builtin_role_org_id_role_id_role" duration=553.455µs
logger=migrator t=2025-09-03T15:12:50.379787235-05:00 level=info msg="Executing migration" id="Remove unique index role_org_id_uid"
logger=migrator t=2025-09-03T15:12:50.381637927-05:00 level=info msg="Migration successfully executed" id="Remove unique index role_org_id_uid" duration=1.854616ms
logger=migrator t=2025-09-03T15:12:50.429437693-05:00 level=info msg="Executing migration" id="add unique index role.uid"
logger=migrator t=2025-09-03T15:12:50.430015327-05:00 level=info msg="Migration successfully executed" id="add unique index role.uid" duration=578.185µs
logger=migrator t=2025-09-03T15:12:50.455473425-05:00 level=info msg="Executing migration" id="create seed assignment table"
logger=migrator t=2025-09-03T15:12:50.456180156-05:00 level=info msg="Migration successfully executed" id="create seed assignment table" duration=709.063µs
logger=migrator t=2025-09-03T15:12:50.481995507-05:00 level=info msg="Executing migration" id="add unique index builtin_role_role_name"
logger=migrator t=2025-09-03T15:12:50.482742428-05:00 level=info msg="Migration successfully executed" id="add unique index builtin_role_role_name" duration=747.627µs
logger=migrator t=2025-09-03T15:12:50.527045585-05:00 level=info msg="Executing migration" id="add column hidden to role table"
logger=migrator t=2025-09-03T15:12:50.52960272-05:00 level=info msg="Migration successfully executed" id="add column hidden to role table" duration=2.557673ms
logger=migrator t=2025-09-03T15:12:50.555254109-05:00 level=info msg="Executing migration" id="permission kind migration"
logger=migrator t=2025-09-03T15:12:50.559078897-05:00 level=info msg="Migration successfully executed" id="permission kind migration" duration=3.824987ms
logger=migrator t=2025-09-03T15:12:50.585290587-05:00 level=info msg="Executing migration" id="permission attribute migration"
logger=migrator t=2025-09-03T15:12:50.589069356-05:00 level=info msg="Migration successfully executed" id="permission attribute migration" duration=3.779871ms
logger=migrator t=2025-09-03T15:12:50.613975506-05:00 level=info msg="Executing migration" id="permission identifier migration"
logger=migrator t=2025-09-03T15:12:50.61876572-05:00 level=info msg="Migration successfully executed" id="permission identifier migration" duration=4.792468ms
logger=migrator t=2025-09-03T15:12:50.663368048-05:00 level=info msg="Executing migration" id="add permission identifier index"
logger=migrator t=2025-09-03T15:12:50.664995278-05:00 level=info msg="Migration successfully executed" id="add permission identifier index" duration=1.628613ms
logger=migrator t=2025-09-03T15:12:50.673018664-05:00 level=info msg="Executing migration" id="add permission action scope role_id index"
logger=migrator t=2025-09-03T15:12:50.674581182-05:00 level=info msg="Migration successfully executed" id="add permission action scope role_id index" duration=1.562255ms
logger=migrator t=2025-09-03T15:12:50.679742812-05:00 level=info msg="Executing migration" id="remove permission role_id action scope index"
logger=migrator t=2025-09-03T15:12:50.680148048-05:00 level=info msg="Migration successfully executed" id="remove permission role_id action scope index" duration=405.067µs
logger=migrator t=2025-09-03T15:12:50.705044644-05:00 level=info msg="Executing migration" id="add group mapping UID column to user_role table"
logger=migrator t=2025-09-03T15:12:50.707627494-05:00 level=info msg="Migration successfully executed" id="add group mapping UID column to user_role table" duration=2.582744ms
logger=migrator t=2025-09-03T15:12:50.75151857-05:00 level=info msg="Executing migration" id="add user_role org ID, user ID, role ID, group mapping UID index"
logger=migrator t=2025-09-03T15:12:50.753189141-05:00 level=info msg="Migration successfully executed" id="add user_role org ID, user ID, role ID, group mapping UID index" duration=1.671635ms
logger=migrator t=2025-09-03T15:12:50.778153112-05:00 level=info msg="Executing migration" id="remove user_role org ID, user ID, role ID index"
logger=migrator t=2025-09-03T15:12:50.778872798-05:00 level=info msg="Migration successfully executed" id="remove user_role org ID, user ID, role ID index" duration=721.609µs
logger=migrator t=2025-09-03T15:12:50.803884707-05:00 level=info msg="Executing migration" id="create query_history table v1"
logger=migrator t=2025-09-03T15:12:50.805516906-05:00 level=info msg="Migration successfully executed" id="create query_history table v1" duration=1.631204ms
logger=migrator t=2025-09-03T15:12:50.850552448-05:00 level=info msg="Executing migration" id="add index query_history.org_id-created_by-datasource_uid"
logger=migrator t=2025-09-03T15:12:50.85118082-05:00 level=info msg="Migration successfully executed" id="add index query_history.org_id-created_by-datasource_uid" duration=631.592µs
logger=migrator t=2025-09-03T15:12:50.877218901-05:00 level=info msg="Executing migration" id="alter table query_history alter column created_by type to bigint"
logger=migrator t=2025-09-03T15:12:50.877337051-05:00 level=info msg="Migration successfully executed" id="alter table query_history alter column created_by type to bigint" duration=124.214µs
logger=migrator t=2025-09-03T15:12:50.903347417-05:00 level=info msg="Executing migration" id="create query_history_details table v1"
logger=migrator t=2025-09-03T15:12:50.90418362-05:00 level=info msg="Migration successfully executed" id="create query_history_details table v1" duration=838.829µs
logger=migrator t=2025-09-03T15:12:50.910217624-05:00 level=info msg="Executing migration" id="rbac disabled migrator"
logger=migrator t=2025-09-03T15:12:50.910260774-05:00 level=info msg="Migration successfully executed" id="rbac disabled migrator" duration=44.189µs
logger=migrator t=2025-09-03T15:12:50.954944081-05:00 level=info msg="Executing migration" id="teams permissions migration"
logger=migrator t=2025-09-03T15:12:50.955669746-05:00 level=info msg="Migration successfully executed" id="teams permissions migration" duration=723.255µs
logger=migrator t=2025-09-03T15:12:50.98109635-05:00 level=info msg="Executing migration" id="dashboard permissions"
logger=migrator t=2025-09-03T15:12:50.981709439-05:00 level=info msg="Migration successfully executed" id="dashboard permissions" duration=616.558µs
logger=migrator t=2025-09-03T15:12:51.006258642-05:00 level=info msg="Executing migration" id="dashboard permissions uid scopes"
logger=migrator t=2025-09-03T15:12:51.006583233-05:00 level=info msg="Migration successfully executed" id="dashboard permissions uid scopes" duration=325.791µs
logger=migrator t=2025-09-03T15:12:51.03148486-05:00 level=info msg="Executing migration" id="drop managed folder create actions"
logger=migrator t=2025-09-03T15:12:51.031654086-05:00 level=info msg="Migration successfully executed" id="drop managed folder create actions" duration=170.437µs
logger=migrator t=2025-09-03T15:12:51.076667818-05:00 level=info msg="Executing migration" id="alerting notification permissions"
logger=migrator t=2025-09-03T15:12:51.076992364-05:00 level=info msg="Migration successfully executed" id="alerting notification permissions" duration=325.506µs
logger=migrator t=2025-09-03T15:12:51.081483495-05:00 level=info msg="Executing migration" id="create query_history_star table v1"
logger=migrator t=2025-09-03T15:12:51.08190642-05:00 level=info msg="Migration successfully executed" id="create query_history_star table v1" duration=422.856µs
logger=migrator t=2025-09-03T15:12:51.10717093-05:00 level=info msg="Executing migration" id="add index query_history.user_id-query_uid"
logger=migrator t=2025-09-03T15:12:51.108910683-05:00 level=info msg="Migration successfully executed" id="add index query_history.user_id-query_uid" duration=1.7409ms
logger=migrator t=2025-09-03T15:12:51.113660739-05:00 level=info msg="Executing migration" id="add column org_id in query_history_star"
logger=migrator t=2025-09-03T15:12:51.11617583-05:00 level=info msg="Migration successfully executed" id="add column org_id in query_history_star" duration=2.514769ms
logger=migrator t=2025-09-03T15:12:51.181883914-05:00 level=info msg="Executing migration" id="alter table query_history_star_mig column user_id type to bigint"
logger=migrator t=2025-09-03T15:12:51.18199706-05:00 level=info msg="Migration successfully executed" id="alter table query_history_star_mig column user_id type to bigint" duration=116.001µs
logger=migrator t=2025-09-03T15:12:51.208016965-05:00 level=info msg="Executing migration" id="create correlation table v1"
logger=migrator t=2025-09-03T15:12:51.209653748-05:00 level=info msg="Migration successfully executed" id="create correlation table v1" duration=1.638597ms
logger=migrator t=2025-09-03T15:12:51.21478677-05:00 level=info msg="Executing migration" id="add index correlations.uid"
logger=migrator t=2025-09-03T15:12:51.215299959-05:00 level=info msg="Migration successfully executed" id="add index correlations.uid" duration=511.35µs
logger=migrator t=2025-09-03T15:12:51.240737191-05:00 level=info msg="Executing migration" id="add index correlations.source_uid"
logger=migrator t=2025-09-03T15:12:51.242156247-05:00 level=info msg="Migration successfully executed" id="add index correlations.source_uid" duration=1.420314ms
logger=migrator t=2025-09-03T15:12:51.289303947-05:00 level=info msg="Executing migration" id="add correlation config column"
logger=migrator t=2025-09-03T15:12:51.293494904-05:00 level=info msg="Migration successfully executed" id="add correlation config column" duration=4.194637ms
logger=migrator t=2025-09-03T15:12:51.29785731-05:00 level=info msg="Executing migration" id="drop index IDX_correlation_uid - v1"
logger=migrator t=2025-09-03T15:12:51.298308678-05:00 level=info msg="Migration successfully executed" id="drop index IDX_correlation_uid - v1" duration=451.475µs
logger=migrator t=2025-09-03T15:12:51.303067088-05:00 level=info msg="Executing migration" id="drop index IDX_correlation_source_uid - v1"
logger=migrator t=2025-09-03T15:12:51.304367423-05:00 level=info msg="Migration successfully executed" id="drop index IDX_correlation_source_uid - v1" duration=1.299714ms
logger=migrator t=2025-09-03T15:12:51.350670265-05:00 level=info msg="Executing migration" id="Rename table correlation to correlation_tmp_qwerty - v1"
logger=migrator t=2025-09-03T15:12:51.358471484-05:00 level=info msg="Migration successfully executed" id="Rename table correlation to correlation_tmp_qwerty - v1" duration=7.801459ms
logger=migrator t=2025-09-03T15:12:51.36315461-05:00 level=info msg="Executing migration" id="create correlation v2"
logger=migrator t=2025-09-03T15:12:51.363770868-05:00 level=info msg="Migration successfully executed" id="create correlation v2" duration=616.796µs
logger=migrator t=2025-09-03T15:12:51.368900455-05:00 level=info msg="Executing migration" id="create index IDX_correlation_uid - v2"
logger=migrator t=2025-09-03T15:12:51.370802326-05:00 level=info msg="Migration successfully executed" id="create index IDX_correlation_uid - v2" duration=1.899823ms
logger=migrator t=2025-09-03T15:12:51.396265712-05:00 level=info msg="Executing migration" id="create index IDX_correlation_source_uid - v2"
logger=migrator t=2025-09-03T15:12:51.396851497-05:00 level=info msg="Migration successfully executed" id="create index IDX_correlation_source_uid - v2" duration=586.477µs
logger=migrator t=2025-09-03T15:12:51.441930168-05:00 level=info msg="Executing migration" id="create index IDX_correlation_org_id - v2"
logger=migrator t=2025-09-03T15:12:51.442560483-05:00 level=info msg="Migration successfully executed" id="create index IDX_correlation_org_id - v2" duration=637.414µs
logger=migrator t=2025-09-03T15:12:51.447288909-05:00 level=info msg="Executing migration" id="copy correlation v1 to v2"
logger=migrator t=2025-09-03T15:12:51.447431449-05:00 level=info msg="Migration successfully executed" id="copy correlation v1 to v2" duration=144.007µs
logger=migrator t=2025-09-03T15:12:51.451926405-05:00 level=info msg="Executing migration" id="drop correlation_tmp_qwerty"
logger=migrator t=2025-09-03T15:12:51.452896976-05:00 level=info msg="Migration successfully executed" id="drop correlation_tmp_qwerty" duration=970.618µs
logger=migrator t=2025-09-03T15:12:51.457618482-05:00 level=info msg="Executing migration" id="add provisioning column"
logger=migrator t=2025-09-03T15:12:51.460279603-05:00 level=info msg="Migration successfully executed" id="add provisioning column" duration=2.658428ms
logger=migrator t=2025-09-03T15:12:51.494268671-05:00 level=info msg="Executing migration" id="add type column"
logger=migrator t=2025-09-03T15:12:51.49706731-05:00 level=info msg="Migration successfully executed" id="add type column" duration=2.799339ms
logger=migrator t=2025-09-03T15:12:51.522403104-05:00 level=info msg="Executing migration" id="create entity_events table"
logger=migrator t=2025-09-03T15:12:51.523827422-05:00 level=info msg="Migration successfully executed" id="create entity_events table" duration=1.423222ms
logger=migrator t=2025-09-03T15:12:51.531771032-05:00 level=info msg="Executing migration" id="create dashboard public config v1"
logger=migrator t=2025-09-03T15:12:51.532513987-05:00 level=info msg="Migration successfully executed" id="create dashboard public config v1" duration=744.307µs
logger=migrator t=2025-09-03T15:12:51.537164182-05:00 level=info msg="Executing migration" id="drop index UQE_dashboard_public_config_uid - v1"
logger=migrator t=2025-09-03T15:12:51.537521956-05:00 level=warn msg="Skipping migration: Already executed, but not recorded in migration log" id="drop index UQE_dashboard_public_config_uid - v1"
logger=migrator t=2025-09-03T15:12:51.577224353-05:00 level=info msg="Executing migration" id="drop index IDX_dashboard_public_config_org_id_dashboard_uid - v1"
logger=migrator t=2025-09-03T15:12:51.577566592-05:00 level=warn msg="Skipping migration: Already executed, but not recorded in migration log" id="drop index IDX_dashboard_public_config_org_id_dashboard_uid - v1"
logger=migrator t=2025-09-03T15:12:51.602545103-05:00 level=info msg="Executing migration" id="Drop old dashboard public config table"
logger=migrator t=2025-09-03T15:12:51.603036209-05:00 level=info msg="Migration successfully executed" id="Drop old dashboard public config table" duration=491.324µs
logger=migrator t=2025-09-03T15:12:51.628187392-05:00 level=info msg="Executing migration" id="recreate dashboard public config v1"
logger=migrator t=2025-09-03T15:12:51.628756995-05:00 level=info msg="Migration successfully executed" id="recreate dashboard public config v1" duration=570.024µs
logger=migrator t=2025-09-03T15:12:51.65357097-05:00 level=info msg="Executing migration" id="create index UQE_dashboard_public_config_uid - v1"
logger=migrator t=2025-09-03T15:12:51.654273433-05:00 level=info msg="Migration successfully executed" id="create index UQE_dashboard_public_config_uid - v1" duration=702.942µs
logger=migrator t=2025-09-03T15:12:51.659444208-05:00 level=info msg="Executing migration" id="create index IDX_dashboard_public_config_org_id_dashboard_uid - v1"
logger=migrator t=2025-09-03T15:12:51.659945149-05:00 level=info msg="Migration successfully executed" id="create index IDX_dashboard_public_config_org_id_dashboard_uid - v1" duration=500.992µs
logger=migrator t=2025-09-03T15:12:51.684596757-05:00 level=info msg="Executing migration" id="drop index UQE_dashboard_public_config_uid - v2"
logger=migrator t=2025-09-03T15:12:51.685134938-05:00 level=info msg="Migration successfully executed" id="drop index UQE_dashboard_public_config_uid - v2" duration=539.098µs
logger=migrator t=2025-09-03T15:12:51.709628116-05:00 level=info msg="Executing migration" id="drop index IDX_dashboard_public_config_org_id_dashboard_uid - v2"
logger=migrator t=2025-09-03T15:12:51.710169293-05:00 level=info msg="Migration successfully executed" id="drop index IDX_dashboard_public_config_org_id_dashboard_uid - v2" duration=541.808µs
logger=migrator t=2025-09-03T15:12:51.735024975-05:00 level=info msg="Executing migration" id="Drop public config table"
logger=migrator t=2025-09-03T15:12:51.735442834-05:00 level=info msg="Migration successfully executed" id="Drop public config table" duration=418.044µs
logger=migrator t=2025-09-03T15:12:51.740236714-05:00 level=info msg="Executing migration" id="Recreate dashboard public config v2"
logger=migrator t=2025-09-03T15:12:51.740766243-05:00 level=info msg="Migration successfully executed" id="Recreate dashboard public config v2" duration=529.961µs
logger=migrator t=2025-09-03T15:12:51.765492973-05:00 level=info msg="Executing migration" id="create index UQE_dashboard_public_config_uid - v2"
logger=migrator t=2025-09-03T15:12:51.766009467-05:00 level=info msg="Migration successfully executed" id="create index UQE_dashboard_public_config_uid - v2" duration=517.241µs
logger=migrator t=2025-09-03T15:12:51.790755482-05:00 level=info msg="Executing migration" id="create index IDX_dashboard_public_config_org_id_dashboard_uid - v2"
logger=migrator t=2025-09-03T15:12:51.791289167-05:00 level=info msg="Migration successfully executed" id="create index IDX_dashboard_public_config_org_id_dashboard_uid - v2" duration=533.81µs
logger=migrator t=2025-09-03T15:12:51.796242216-05:00 level=info msg="Executing migration" id="create index UQE_dashboard_public_config_access_token - v2"
logger=migrator t=2025-09-03T15:12:51.796778365-05:00 level=info msg="Migration successfully executed" id="create index UQE_dashboard_public_config_access_token - v2" duration=535.284µs
logger=migrator t=2025-09-03T15:12:51.821657555-05:00 level=info msg="Executing migration" id="Rename table dashboard_public_config to dashboard_public - v2"
logger=migrator t=2025-09-03T15:12:51.835114626-05:00 level=info msg="Migration successfully executed" id="Rename table dashboard_public_config to dashboard_public - v2" duration=13.45449ms
logger=migrator t=2025-09-03T15:12:51.839975535-05:00 level=info msg="Executing migration" id="add annotations_enabled column"
logger=migrator t=2025-09-03T15:12:51.845728159-05:00 level=info msg="Migration successfully executed" id="add annotations_enabled column" duration=5.752245ms
logger=migrator t=2025-09-03T15:12:51.851604285-05:00 level=info msg="Executing migration" id="add time_selection_enabled column"
logger=migrator t=2025-09-03T15:12:51.85644862-05:00 level=info msg="Migration successfully executed" id="add time_selection_enabled column" duration=4.843079ms
logger=migrator t=2025-09-03T15:12:51.861140804-05:00 level=info msg="Executing migration" id="delete orphaned public dashboards"
logger=migrator t=2025-09-03T15:12:51.861378285-05:00 level=info msg="Migration successfully executed" id="delete orphaned public dashboards" duration=238.937µs
logger=migrator t=2025-09-03T15:12:51.886622973-05:00 level=info msg="Executing migration" id="add share column"
logger=migrator t=2025-09-03T15:12:51.893243173-05:00 level=info msg="Migration successfully executed" id="add share column" duration=6.620154ms
logger=migrator t=2025-09-03T15:12:51.898613417-05:00 level=info msg="Executing migration" id="backfill empty share column fields with default of public"
logger=migrator t=2025-09-03T15:12:51.898805991-05:00 level=info msg="Migration successfully executed" id="backfill empty share column fields with default of public" duration=194.05µs
logger=migrator t=2025-09-03T15:12:51.903514948-05:00 level=info msg="Executing migration" id="create file table"
logger=migrator t=2025-09-03T15:12:51.904162227-05:00 level=info msg="Migration successfully executed" id="create file table" duration=646.85µs
logger=migrator t=2025-09-03T15:12:51.929636561-05:00 level=info msg="Executing migration" id="file table idx: path natural pk"
logger=migrator t=2025-09-03T15:12:51.93039391-05:00 level=info msg="Migration successfully executed" id="file table idx: path natural pk" duration=754.939µs
logger=migrator t=2025-09-03T15:12:51.955562656-05:00 level=info msg="Executing migration" id="file table idx: parent_folder_path_hash fast folder retrieval"
logger=migrator t=2025-09-03T15:12:51.956473502-05:00 level=info msg="Migration successfully executed" id="file table idx: parent_folder_path_hash fast folder retrieval" duration=911.807µs
logger=migrator t=2025-09-03T15:12:51.961226864-05:00 level=info msg="Executing migration" id="create file_meta table"
logger=migrator t=2025-09-03T15:12:51.961845077-05:00 level=info msg="Migration successfully executed" id="create file_meta table" duration=618.4µs
logger=migrator t=2025-09-03T15:12:51.98726582-05:00 level=info msg="Executing migration" id="file table idx: path key"
logger=migrator t=2025-09-03T15:12:51.988036166-05:00 level=info msg="Migration successfully executed" id="file table idx: path key" duration=772.214µs
logger=migrator t=2025-09-03T15:12:51.993273369-05:00 level=info msg="Executing migration" id="set path collation in file table"
logger=migrator t=2025-09-03T15:12:51.993304798-05:00 level=info msg="Migration successfully executed" id="set path collation in file table" duration=32.828µs
logger=migrator t=2025-09-03T15:12:51.997642944-05:00 level=info msg="Executing migration" id="migrate contents column to mediumblob for MySQL"
logger=migrator t=2025-09-03T15:12:51.997674586-05:00 level=info msg="Migration successfully executed" id="migrate contents column to mediumblob for MySQL" duration=32.872µs
logger=migrator t=2025-09-03T15:12:52.00177909-05:00 level=info msg="Executing migration" id="managed permissions migration"
logger=migrator t=2025-09-03T15:12:52.002044559-05:00 level=info msg="Migration successfully executed" id="managed permissions migration" duration=265.382µs
logger=migrator t=2025-09-03T15:12:52.026692979-05:00 level=info msg="Executing migration" id="managed folder permissions alert actions migration"
logger=migrator t=2025-09-03T15:12:52.026888797-05:00 level=info msg="Migration successfully executed" id="managed folder permissions alert actions migration" duration=197.058µs
logger=migrator t=2025-09-03T15:12:52.051617261-05:00 level=info msg="Executing migration" id="RBAC action name migrator"
logger=migrator t=2025-09-03T15:12:52.052263706-05:00 level=info msg="Migration successfully executed" id="RBAC action name migrator" duration=647.905µs
logger=migrator t=2025-09-03T15:12:52.076396403-05:00 level=info msg="Executing migration" id="Add UID column to playlist"
logger=migrator t=2025-09-03T15:12:52.079341975-05:00 level=info msg="Migration successfully executed" id="Add UID column to playlist" duration=2.948657ms
logger=migrator t=2025-09-03T15:12:52.083598524-05:00 level=info msg="Executing migration" id="Update uid column values in playlist"
logger=migrator t=2025-09-03T15:12:52.083714965-05:00 level=info msg="Migration successfully executed" id="Update uid column values in playlist" duration=117.208µs
logger=migrator t=2025-09-03T15:12:52.087927876-05:00 level=info msg="Executing migration" id="Add index for uid in playlist"
logger=migrator t=2025-09-03T15:12:52.08850968-05:00 level=info msg="Migration successfully executed" id="Add index for uid in playlist" duration=581.779µs
logger=migrator t=2025-09-03T15:12:52.114563001-05:00 level=info msg="Executing migration" id="update group index for alert rules"
logger=migrator t=2025-09-03T15:12:52.115498306-05:00 level=info msg="Migration successfully executed" id="update group index for alert rules" duration=939.379µs
logger=migrator t=2025-09-03T15:12:52.120915176-05:00 level=info msg="Executing migration" id="managed folder permissions alert actions repeated migration"
logger=migrator t=2025-09-03T15:12:52.121032558-05:00 level=info msg="Migration successfully executed" id="managed folder permissions alert actions repeated migration" duration=117.163µs
logger=migrator t=2025-09-03T15:12:52.145989301-05:00 level=info msg="Executing migration" id="admin only folder/dashboard permission"
logger=migrator t=2025-09-03T15:12:52.146414569-05:00 level=info msg="Migration successfully executed" id="admin only folder/dashboard permission" duration=426.297µs
logger=migrator t=2025-09-03T15:12:52.172369599-05:00 level=info msg="Executing migration" id="add action column to seed_assignment"
logger=migrator t=2025-09-03T15:12:52.175259429-05:00 level=info msg="Migration successfully executed" id="add action column to seed_assignment" duration=2.891443ms
logger=migrator t=2025-09-03T15:12:52.199645703-05:00 level=info msg="Executing migration" id="add scope column to seed_assignment"
logger=migrator t=2025-09-03T15:12:52.206335934-05:00 level=info msg="Migration successfully executed" id="add scope column to seed_assignment" duration=6.684834ms
logger=migrator t=2025-09-03T15:12:52.212402342-05:00 level=info msg="Executing migration" id="remove unique index builtin_role_role_name before nullable update"
logger=migrator t=2025-09-03T15:12:52.213551493-05:00 level=info msg="Migration successfully executed" id="remove unique index builtin_role_role_name before nullable update" duration=1.152982ms
logger=migrator t=2025-09-03T15:12:52.238762874-05:00 level=info msg="Executing migration" id="update seed_assignment role_name column to nullable"
logger=migrator t=2025-09-03T15:12:52.271943876-05:00 level=info msg="Migration successfully executed" id="update seed_assignment role_name column to nullable" duration=33.183806ms
logger=migrator t=2025-09-03T15:12:52.276932489-05:00 level=info msg="Executing migration" id="add unique index builtin_role_name back"
logger=migrator t=2025-09-03T15:12:52.277717249-05:00 level=info msg="Migration successfully executed" id="add unique index builtin_role_name back" duration=783.876µs
logger=migrator t=2025-09-03T15:12:52.282594014-05:00 level=info msg="Executing migration" id="add unique index builtin_role_action_scope"
logger=migrator t=2025-09-03T15:12:52.283094845-05:00 level=info msg="Migration successfully executed" id="add unique index builtin_role_action_scope" duration=501.234µs
logger=migrator t=2025-09-03T15:12:52.29145912-05:00 level=info msg="Executing migration" id="add primary key to seed_assigment"
logger=migrator t=2025-09-03T15:12:52.302382899-05:00 level=info msg="Migration successfully executed" id="add primary key to seed_assigment" duration=10.918113ms
logger=migrator t=2025-09-03T15:12:52.307880617-05:00 level=info msg="Executing migration" id="add origin column to seed_assignment"
logger=migrator t=2025-09-03T15:12:52.313165042-05:00 level=info msg="Migration successfully executed" id="add origin column to seed_assignment" duration=5.286544ms
logger=migrator t=2025-09-03T15:12:52.318500342-05:00 level=info msg="Executing migration" id="add origin to plugin seed_assignment"
logger=migrator t=2025-09-03T15:12:52.318732799-05:00 level=info msg="Migration successfully executed" id="add origin to plugin seed_assignment" duration=232.792µs
logger=migrator t=2025-09-03T15:12:52.343940491-05:00 level=info msg="Executing migration" id="prevent seeding OnCall access"
logger=migrator t=2025-09-03T15:12:52.344147996-05:00 level=info msg="Migration successfully executed" id="prevent seeding OnCall access" duration=212.484µs
logger=migrator t=2025-09-03T15:12:52.36955099-05:00 level=info msg="Executing migration" id="managed folder permissions alert actions repeated fixed migration"
logger=migrator t=2025-09-03T15:12:52.369893194-05:00 level=info msg="Migration successfully executed" id="managed folder permissions alert actions repeated fixed migration" duration=343.883µs
logger=migrator t=2025-09-03T15:12:52.39500208-05:00 level=info msg="Executing migration" id="managed folder permissions library panel actions migration"
logger=migrator t=2025-09-03T15:12:52.395210462-05:00 level=info msg="Migration successfully executed" id="managed folder permissions library panel actions migration" duration=208.711µs
logger=migrator t=2025-09-03T15:12:52.402050217-05:00 level=info msg="Executing migration" id="migrate external alertmanagers to datsourcse"
logger=migrator t=2025-09-03T15:12:52.402175939-05:00 level=info msg="Migration successfully executed" id="migrate external alertmanagers to datsourcse" duration=126.69µs
logger=migrator t=2025-09-03T15:12:52.410524572-05:00 level=info msg="Executing migration" id="create folder table"
logger=migrator t=2025-09-03T15:12:52.412506485-05:00 level=info msg="Migration successfully executed" id="create folder table" duration=1.984342ms
logger=migrator t=2025-09-03T15:12:52.417237867-05:00 level=info msg="Executing migration" id="Add index for parent_uid"
logger=migrator t=2025-09-03T15:12:52.41773738-05:00 level=info msg="Migration successfully executed" id="Add index for parent_uid" duration=499.659µs
logger=migrator t=2025-09-03T15:12:52.422499832-05:00 level=info msg="Executing migration" id="Add unique index for folder.uid and folder.org_id"
logger=migrator t=2025-09-03T15:12:52.42308651-05:00 level=info msg="Migration successfully executed" id="Add unique index for folder.uid and folder.org_id" duration=588.697µs
logger=migrator t=2025-09-03T15:12:52.447727661-05:00 level=info msg="Executing migration" id="Update folder title length"
logger=migrator t=2025-09-03T15:12:52.447773068-05:00 level=info msg="Migration successfully executed" id="Update folder title length" duration=47.362µs
logger=migrator t=2025-09-03T15:12:52.452301116-05:00 level=info msg="Executing migration" id="Add unique index for folder.title and folder.parent_uid"
logger=migrator t=2025-09-03T15:12:52.453073945-05:00 level=info msg="Migration successfully executed" id="Add unique index for folder.title and folder.parent_uid" duration=773.611µs
logger=migrator t=2025-09-03T15:12:52.458609166-05:00 level=info msg="Executing migration" id="Remove unique index for folder.title and folder.parent_uid"
logger=migrator t=2025-09-03T15:12:52.459148929-05:00 level=info msg="Migration successfully executed" id="Remove unique index for folder.title and folder.parent_uid" duration=540.169µs
logger=migrator t=2025-09-03T15:12:52.48377846-05:00 level=info msg="Executing migration" id="Add unique index for title, parent_uid, and org_id"
logger=migrator t=2025-09-03T15:12:52.484320828-05:00 level=info msg="Migration successfully executed" id="Add unique index for title, parent_uid, and org_id" duration=542.886µs
logger=migrator t=2025-09-03T15:12:52.489330661-05:00 level=info msg="Executing migration" id="Sync dashboard and folder table"
logger=migrator t=2025-09-03T15:12:52.489606115-05:00 level=info msg="Migration successfully executed" id="Sync dashboard and folder table" duration=277.127µs
logger=migrator t=2025-09-03T15:12:52.494280078-05:00 level=info msg="Executing migration" id="Remove ghost folders from the folder table"
logger=migrator t=2025-09-03T15:12:52.494448937-05:00 level=info msg="Migration successfully executed" id="Remove ghost folders from the folder table" duration=169.026µs
logger=migrator t=2025-09-03T15:12:52.499593417-05:00 level=info msg="Executing migration" id="Remove unique index UQE_folder_uid_org_id"
logger=migrator t=2025-09-03T15:12:52.500095784-05:00 level=info msg="Migration successfully executed" id="Remove unique index UQE_folder_uid_org_id" duration=502.543µs
logger=migrator t=2025-09-03T15:12:52.525145971-05:00 level=info msg="Executing migration" id="Add unique index UQE_folder_org_id_uid"
logger=migrator t=2025-09-03T15:12:52.525725874-05:00 level=info msg="Migration successfully executed" id="Add unique index UQE_folder_org_id_uid" duration=580.47µs
logger=migrator t=2025-09-03T15:12:52.530409407-05:00 level=info msg="Executing migration" id="Remove unique index UQE_folder_title_parent_uid_org_id"
logger=migrator t=2025-09-03T15:12:52.530915254-05:00 level=info msg="Migration successfully executed" id="Remove unique index UQE_folder_title_parent_uid_org_id" duration=506.536µs
logger=migrator t=2025-09-03T15:12:52.55589103-05:00 level=info msg="Executing migration" id="Add unique index UQE_folder_org_id_parent_uid_title"
logger=migrator t=2025-09-03T15:12:52.5565502-05:00 level=info msg="Migration successfully executed" id="Add unique index UQE_folder_org_id_parent_uid_title" duration=662.08µs
logger=migrator t=2025-09-03T15:12:52.561313406-05:00 level=info msg="Executing migration" id="Remove index IDX_folder_parent_uid_org_id"
logger=migrator t=2025-09-03T15:12:52.561913029-05:00 level=info msg="Migration successfully executed" id="Remove index IDX_folder_parent_uid_org_id" duration=603µs
logger=migrator t=2025-09-03T15:12:52.56617745-05:00 level=info msg="Executing migration" id="Remove unique index UQE_folder_org_id_parent_uid_title"
logger=migrator t=2025-09-03T15:12:52.566610493-05:00 level=info msg="Migration successfully executed" id="Remove unique index UQE_folder_org_id_parent_uid_title" duration=432.918µs
logger=migrator t=2025-09-03T15:12:52.571124905-05:00 level=info msg="Executing migration" id="create anon_device table"
logger=migrator t=2025-09-03T15:12:52.571625828-05:00 level=info msg="Migration successfully executed" id="create anon_device table" duration=500.787µs
logger=migrator t=2025-09-03T15:12:52.57623405-05:00 level=info msg="Executing migration" id="add unique index anon_device.device_id"
logger=migrator t=2025-09-03T15:12:52.5767854-05:00 level=info msg="Migration successfully executed" id="add unique index anon_device.device_id" duration=551.793µs
logger=migrator t=2025-09-03T15:12:52.582176804-05:00 level=info msg="Executing migration" id="add index anon_device.updated_at"
logger=migrator t=2025-09-03T15:12:52.582660892-05:00 level=info msg="Migration successfully executed" id="add index anon_device.updated_at" duration=484.04µs
logger=migrator t=2025-09-03T15:12:52.587219992-05:00 level=info msg="Executing migration" id="create signing_key table"
logger=migrator t=2025-09-03T15:12:52.587699104-05:00 level=info msg="Migration successfully executed" id="create signing_key table" duration=478.946µs
logger=migrator t=2025-09-03T15:12:52.612455205-05:00 level=info msg="Executing migration" id="add unique index signing_key.key_id"
logger=migrator t=2025-09-03T15:12:52.613005088-05:00 level=info msg="Migration successfully executed" id="add unique index signing_key.key_id" duration=550.598µs
logger=migrator t=2025-09-03T15:12:52.617541429-05:00 level=info msg="Executing migration" id="set legacy alert migration status in kvstore"
logger=migrator t=2025-09-03T15:12:52.619678251-05:00 level=info msg="Migration successfully executed" id="set legacy alert migration status in kvstore" duration=2.133378ms
logger=migrator t=2025-09-03T15:12:52.625211356-05:00 level=info msg="Executing migration" id="migrate record of created folders during legacy migration to kvstore"
logger=migrator t=2025-09-03T15:12:52.625786173-05:00 level=info msg="Migration successfully executed" id="migrate record of created folders during legacy migration to kvstore" duration=578.158µs
logger=migrator t=2025-09-03T15:12:52.650754247-05:00 level=info msg="Executing migration" id="Add folder_uid for dashboard"
logger=migrator t=2025-09-03T15:12:52.653947173-05:00 level=info msg="Migration successfully executed" id="Add folder_uid for dashboard" duration=3.194216ms
logger=migrator t=2025-09-03T15:12:52.658856494-05:00 level=info msg="Executing migration" id="Populate dashboard folder_uid column"
logger=migrator t=2025-09-03T15:12:52.660412773-05:00 level=info msg="Migration successfully executed" id="Populate dashboard folder_uid column" duration=1.559452ms
logger=migrator t=2025-09-03T15:12:52.665392481-05:00 level=info msg="Executing migration" id="Add unique index for dashboard_org_id_folder_uid_title"
logger=migrator t=2025-09-03T15:12:52.665417693-05:00 level=info msg="Migration successfully executed" id="Add unique index for dashboard_org_id_folder_uid_title" duration=25.837µs
logger=migrator t=2025-09-03T15:12:52.690746416-05:00 level=info msg="Executing migration" id="Delete unique index for dashboard_org_id_folder_id_title"
logger=migrator t=2025-09-03T15:12:52.691376488-05:00 level=info msg="Migration successfully executed" id="Delete unique index for dashboard_org_id_folder_id_title" duration=630.972µs
logger=migrator t=2025-09-03T15:12:52.716028699-05:00 level=info msg="Executing migration" id="Delete unique index for dashboard_org_id_folder_uid_title"
logger=migrator t=2025-09-03T15:12:52.716119166-05:00 level=info msg="Migration successfully executed" id="Delete unique index for dashboard_org_id_folder_uid_title" duration=92.382µs
logger=migrator t=2025-09-03T15:12:52.721155505-05:00 level=info msg="Executing migration" id="Add unique index for dashboard_org_id_folder_uid_title_is_folder"
logger=migrator t=2025-09-03T15:12:52.723371334-05:00 level=info msg="Migration successfully executed" id="Add unique index for dashboard_org_id_folder_uid_title_is_folder" duration=2.211539ms
logger=migrator t=2025-09-03T15:12:52.728035566-05:00 level=info msg="Executing migration" id="Restore index for dashboard_org_id_folder_id_title"
logger=migrator t=2025-09-03T15:12:52.72865163-05:00 level=info msg="Migration successfully executed" id="Restore index for dashboard_org_id_folder_id_title" duration=613.996µs
logger=migrator t=2025-09-03T15:12:52.733523406-05:00 level=info msg="Executing migration" id="Remove unique index for dashboard_org_id_folder_uid_title_is_folder"
logger=migrator t=2025-09-03T15:12:52.735054209-05:00 level=info msg="Migration successfully executed" id="Remove unique index for dashboard_org_id_folder_uid_title_is_folder" duration=1.527942ms
logger=migrator t=2025-09-03T15:12:52.74155364-05:00 level=info msg="Executing migration" id="create sso_setting table"
logger=migrator t=2025-09-03T15:12:52.743710228-05:00 level=info msg="Migration successfully executed" id="create sso_setting table" duration=2.155904ms
logger=migrator t=2025-09-03T15:12:52.749612026-05:00 level=info msg="Executing migration" id="copy kvstore migration status to each org"
logger=migrator t=2025-09-03T15:12:52.749991049-05:00 level=info msg="Migration successfully executed" id="copy kvstore migration status to each org" duration=379.718µs
logger=migrator t=2025-09-03T15:12:52.77470039-05:00 level=info msg="Executing migration" id="add back entry for orgid=0 migrated status"
logger=migrator t=2025-09-03T15:12:52.77532264-05:00 level=info msg="Migration successfully executed" id="add back entry for orgid=0 migrated status" duration=624.497µs
logger=migrator t=2025-09-03T15:12:52.800377891-05:00 level=info msg="Executing migration" id="managed dashboard permissions annotation actions migration"
logger=migrator t=2025-09-03T15:12:52.800774108-05:00 level=info msg="Migration successfully executed" id="managed dashboard permissions annotation actions migration" duration=397.048µs
logger=migrator t=2025-09-03T15:12:52.805174887-05:00 level=info msg="Executing migration" id="create cloud_migration table v1"
logger=migrator t=2025-09-03T15:12:52.805673569-05:00 level=info msg="Migration successfully executed" id="create cloud_migration table v1" duration=499.031µs
logger=migrator t=2025-09-03T15:12:52.813214015-05:00 level=info msg="Executing migration" id="create cloud_migration_run table v1"
logger=migrator t=2025-09-03T15:12:52.813722523-05:00 level=info msg="Migration successfully executed" id="create cloud_migration_run table v1" duration=508.557µs
logger=migrator t=2025-09-03T15:12:52.818306041-05:00 level=info msg="Executing migration" id="add stack_id column"
logger=migrator t=2025-09-03T15:12:52.821147524-05:00 level=info msg="Migration successfully executed" id="add stack_id column" duration=2.840847ms
logger=migrator t=2025-09-03T15:12:52.825565799-05:00 level=info msg="Executing migration" id="add region_slug column"
logger=migrator t=2025-09-03T15:12:52.833742278-05:00 level=info msg="Migration successfully executed" id="add region_slug column" duration=8.167521ms
logger=migrator t=2025-09-03T15:12:52.838838069-05:00 level=info msg="Executing migration" id="add cluster_slug column"
logger=migrator t=2025-09-03T15:12:52.844221118-05:00 level=info msg="Migration successfully executed" id="add cluster_slug column" duration=5.380927ms
logger=migrator t=2025-09-03T15:12:52.849008297-05:00 level=info msg="Executing migration" id="add migration uid column"
logger=migrator t=2025-09-03T15:12:52.854142906-05:00 level=info msg="Migration successfully executed" id="add migration uid column" duration=5.134503ms
logger=migrator t=2025-09-03T15:12:52.858942703-05:00 level=info msg="Executing migration" id="Update uid column values for migration"
logger=migrator t=2025-09-03T15:12:52.859105918-05:00 level=info msg="Migration successfully executed" id="Update uid column values for migration" duration=163.948µs
logger=migrator t=2025-09-03T15:12:52.86398199-05:00 level=info msg="Executing migration" id="Add unique index migration_uid"
logger=migrator t=2025-09-03T15:12:52.865272732-05:00 level=info msg="Migration successfully executed" id="Add unique index migration_uid" duration=1.290236ms
logger=migrator t=2025-09-03T15:12:52.892634031-05:00 level=info msg="Executing migration" id="add migration run uid column"
logger=migrator t=2025-09-03T15:12:52.897977822-05:00 level=info msg="Migration successfully executed" id="add migration run uid column" duration=5.348586ms
logger=migrator t=2025-09-03T15:12:52.902541303-05:00 level=info msg="Executing migration" id="Update uid column values for migration run"
logger=migrator t=2025-09-03T15:12:52.902689308-05:00 level=info msg="Migration successfully executed" id="Update uid column values for migration run" duration=148.687µs
logger=migrator t=2025-09-03T15:12:52.907474571-05:00 level=info msg="Executing migration" id="Add unique index migration_run_uid"
logger=migrator t=2025-09-03T15:12:52.908231222-05:00 level=info msg="Migration successfully executed" id="Add unique index migration_run_uid" duration=756.836µs
logger=migrator t=2025-09-03T15:12:52.933272183-05:00 level=info msg="Executing migration" id="Rename table cloud_migration to cloud_migration_session_tmp_qwerty - v1"
logger=migrator t=2025-09-03T15:12:52.948966252-05:00 level=info msg="Migration successfully executed" id="Rename table cloud_migration to cloud_migration_session_tmp_qwerty - v1" duration=15.692787ms
logger=migrator t=2025-09-03T15:12:52.953543107-05:00 level=info msg="Executing migration" id="create cloud_migration_session v2"
logger=migrator t=2025-09-03T15:12:52.954186035-05:00 level=info msg="Migration successfully executed" id="create cloud_migration_session v2" duration=642.904µs
logger=migrator t=2025-09-03T15:12:52.959697525-05:00 level=info msg="Executing migration" id="create index UQE_cloud_migration_session_uid - v2"
logger=migrator t=2025-09-03T15:12:52.960330648-05:00 level=info msg="Migration successfully executed" id="create index UQE_cloud_migration_session_uid - v2" duration=633.792µs
logger=migrator t=2025-09-03T15:12:52.965776379-05:00 level=info msg="Executing migration" id="copy cloud_migration_session v1 to v2"
logger=migrator t=2025-09-03T15:12:52.966376529-05:00 level=info msg="Migration successfully executed" id="copy cloud_migration_session v1 to v2" duration=600.682µs
logger=migrator t=2025-09-03T15:12:52.991717-05:00 level=info msg="Executing migration" id="drop cloud_migration_session_tmp_qwerty"
logger=migrator t=2025-09-03T15:12:52.992458269-05:00 level=info msg="Migration successfully executed" id="drop cloud_migration_session_tmp_qwerty" duration=742.797µs
logger=migrator t=2025-09-03T15:12:52.99850072-05:00 level=info msg="Executing migration" id="Rename table cloud_migration_run to cloud_migration_snapshot_tmp_qwerty - v1"
logger=migrator t=2025-09-03T15:12:53.01464688-05:00 level=info msg="Migration successfully executed" id="Rename table cloud_migration_run to cloud_migration_snapshot_tmp_qwerty - v1" duration=16.150076ms
logger=migrator t=2025-09-03T15:12:53.020458848-05:00 level=info msg="Executing migration" id="create cloud_migration_snapshot v2"
logger=migrator t=2025-09-03T15:12:53.021074459-05:00 level=info msg="Migration successfully executed" id="create cloud_migration_snapshot v2" duration=615.204µs
logger=migrator t=2025-09-03T15:12:53.046784896-05:00 level=info msg="Executing migration" id="create index UQE_cloud_migration_snapshot_uid - v2"
logger=migrator t=2025-09-03T15:12:53.04738789-05:00 level=info msg="Migration successfully executed" id="create index UQE_cloud_migration_snapshot_uid - v2" duration=604.066µs
logger=migrator t=2025-09-03T15:12:53.05169214-05:00 level=info msg="Executing migration" id="copy cloud_migration_snapshot v1 to v2"
logger=migrator t=2025-09-03T15:12:53.051856886-05:00 level=info msg="Migration successfully executed" id="copy cloud_migration_snapshot v1 to v2" duration=165.214µs
logger=migrator t=2025-09-03T15:12:53.076631744-05:00 level=info msg="Executing migration" id="drop cloud_migration_snapshot_tmp_qwerty"
logger=migrator t=2025-09-03T15:12:53.07716982-05:00 level=info msg="Migration successfully executed" id="drop cloud_migration_snapshot_tmp_qwerty" duration=545.812µs
logger=migrator t=2025-09-03T15:12:53.102595941-05:00 level=info msg="Executing migration" id="add snapshot upload_url column"
logger=migrator t=2025-09-03T15:12:53.107598523-05:00 level=info msg="Migration successfully executed" id="add snapshot upload_url column" duration=5.00281ms
logger=migrator t=2025-09-03T15:12:53.132737412-05:00 level=info msg="Executing migration" id="add snapshot status column"
logger=migrator t=2025-09-03T15:12:53.138050668-05:00 level=info msg="Migration successfully executed" id="add snapshot status column" duration=5.313048ms
logger=migrator t=2025-09-03T15:12:53.163407428-05:00 level=info msg="Executing migration" id="add snapshot local_directory column"
logger=migrator t=2025-09-03T15:12:53.170289901-05:00 level=info msg="Migration successfully executed" id="add snapshot local_directory column" duration=6.876756ms
logger=migrator t=2025-09-03T15:12:53.175507301-05:00 level=info msg="Executing migration" id="add snapshot gms_snapshot_uid column"
logger=migrator t=2025-09-03T15:12:53.180748679-05:00 level=info msg="Migration successfully executed" id="add snapshot gms_snapshot_uid column" duration=5.240331ms
logger=migrator t=2025-09-03T15:12:53.185773974-05:00 level=info msg="Executing migration" id="add snapshot encryption_key column"
logger=migrator t=2025-09-03T15:12:53.191088214-05:00 level=info msg="Migration successfully executed" id="add snapshot encryption_key column" duration=5.313977ms
logger=migrator t=2025-09-03T15:12:53.216697304-05:00 level=info msg="Executing migration" id="add snapshot error_string column"
logger=migrator t=2025-09-03T15:12:53.222205914-05:00 level=info msg="Migration successfully executed" id="add snapshot error_string column" duration=5.507502ms
logger=migrator t=2025-09-03T15:12:53.227720201-05:00 level=info msg="Executing migration" id="create cloud_migration_resource table v1"
logger=migrator t=2025-09-03T15:12:53.228464679-05:00 level=info msg="Migration successfully executed" id="create cloud_migration_resource table v1" duration=745.303µs
logger=migrator t=2025-09-03T15:12:53.253794187-05:00 level=info msg="Executing migration" id="delete cloud_migration_snapshot.result column"
logger=migrator t=2025-09-03T15:12:53.27708211-05:00 level=info msg="Migration successfully executed" id="delete cloud_migration_snapshot.result column" duration=23.287137ms
logger=migrator t=2025-09-03T15:12:53.282282664-05:00 level=info msg="Executing migration" id="add cloud_migration_resource.name column"
logger=migrator t=2025-09-03T15:12:53.285492609-05:00 level=info msg="Migration successfully executed" id="add cloud_migration_resource.name column" duration=3.210559ms
logger=migrator t=2025-09-03T15:12:53.289832124-05:00 level=info msg="Executing migration" id="add cloud_migration_resource.parent_name column"
logger=migrator t=2025-09-03T15:12:53.293908658-05:00 level=info msg="Migration successfully executed" id="add cloud_migration_resource.parent_name column" duration=4.075087ms
logger=migrator t=2025-09-03T15:12:53.31896282-05:00 level=info msg="Executing migration" id="add cloud_migration_session.org_id column"
logger=migrator t=2025-09-03T15:12:53.322157885-05:00 level=info msg="Migration successfully executed" id="add cloud_migration_session.org_id column" duration=3.193314ms
logger=migrator t=2025-09-03T15:12:53.34663006-05:00 level=info msg="Executing migration" id="add cloud_migration_resource.error_code column"
logger=migrator t=2025-09-03T15:12:53.351606934-05:00 level=info msg="Migration successfully executed" id="add cloud_migration_resource.error_code column" duration=4.976943ms
logger=migrator t=2025-09-03T15:12:53.356175375-05:00 level=info msg="Executing migration" id="increase resource_uid column length"
logger=migrator t=2025-09-03T15:12:53.356202599-05:00 level=info msg="Migration successfully executed" id="increase resource_uid column length" duration=28.297µs
logger=migrator t=2025-09-03T15:12:53.38062583-05:00 level=info msg="Executing migration" id="alter kv_store.value to longtext"
logger=migrator t=2025-09-03T15:12:53.380669071-05:00 level=info msg="Migration successfully executed" id="alter kv_store.value to longtext" duration=45.406µs
logger=migrator t=2025-09-03T15:12:53.385059058-05:00 level=info msg="Executing migration" id="add notification_settings column to alert_rule table"
logger=migrator t=2025-09-03T15:12:53.389159234-05:00 level=info msg="Migration successfully executed" id="add notification_settings column to alert_rule table" duration=4.098688ms
logger=migrator t=2025-09-03T15:12:53.413945175-05:00 level=info msg="Executing migration" id="add notification_settings column to alert_rule_version table"
logger=migrator t=2025-09-03T15:12:53.41716356-05:00 level=info msg="Migration successfully executed" id="add notification_settings column to alert_rule_version table" duration=3.218926ms
logger=migrator t=2025-09-03T15:12:53.441987215-05:00 level=info msg="Executing migration" id="removing scope from alert.instances:read action migration"
logger=migrator t=2025-09-03T15:12:53.442699369-05:00 level=info msg="Migration successfully executed" id="removing scope from alert.instances:read action migration" duration=712.021µs
logger=migrator t=2025-09-03T15:12:53.46720152-05:00 level=info msg="Executing migration" id="managed folder permissions alerting silences actions migration"
logger=migrator t=2025-09-03T15:12:53.467400459-05:00 level=info msg="Migration successfully executed" id="managed folder permissions alerting silences actions migration" duration=200.269µs
logger=migrator t=2025-09-03T15:12:53.491825376-05:00 level=info msg="Executing migration" id="add record column to alert_rule table"
logger=migrator t=2025-09-03T15:12:53.495286176-05:00 level=info msg="Migration successfully executed" id="add record column to alert_rule table" duration=3.461361ms
logger=migrator t=2025-09-03T15:12:53.500177127-05:00 level=info msg="Executing migration" id="add record column to alert_rule_version table"
logger=migrator t=2025-09-03T15:12:53.503180811-05:00 level=info msg="Migration successfully executed" id="add record column to alert_rule_version table" duration=3.002767ms
logger=migrator t=2025-09-03T15:12:53.528067335-05:00 level=info msg="Executing migration" id="add resolved_at column to alert_instance table"
logger=migrator t=2025-09-03T15:12:53.53138977-05:00 level=info msg="Migration successfully executed" id="add resolved_at column to alert_instance table" duration=3.326531ms
logger=migrator t=2025-09-03T15:12:53.55586252-05:00 level=info msg="Executing migration" id="add last_sent_at column to alert_instance table"
logger=migrator t=2025-09-03T15:12:53.560419862-05:00 level=info msg="Migration successfully executed" id="add last_sent_at column to alert_instance table" duration=4.557472ms
logger=migrator t=2025-09-03T15:12:53.56518516-05:00 level=info msg="Executing migration" id="Add scope to alert.notifications.receivers:read and alert.notifications.receivers.secrets:read"
logger=migrator t=2025-09-03T15:12:53.566249001-05:00 level=info msg="Migration successfully executed" id="Add scope to alert.notifications.receivers:read and alert.notifications.receivers.secrets:read" duration=1.061108ms
logger=migrator t=2025-09-03T15:12:53.571294366-05:00 level=info msg="Executing migration" id="add metadata column to alert_rule table"
logger=migrator t=2025-09-03T15:12:53.574365995-05:00 level=info msg="Migration successfully executed" id="add metadata column to alert_rule table" duration=3.073375ms
logger=migrator t=2025-09-03T15:12:53.600283806-05:00 level=info msg="Executing migration" id="add metadata column to alert_rule_version table"
logger=migrator t=2025-09-03T15:12:53.603406833-05:00 level=info msg="Migration successfully executed" id="add metadata column to alert_rule_version table" duration=3.123023ms
logger=migrator t=2025-09-03T15:12:53.607882368-05:00 level=info msg="Executing migration" id="delete orphaned service account permissions"
logger=migrator t=2025-09-03T15:12:53.608100417-05:00 level=info msg="Migration successfully executed" id="delete orphaned service account permissions" duration=220.676µs
logger=migrator t=2025-09-03T15:12:53.612551203-05:00 level=info msg="Executing migration" id="adding action set permissions"
logger=migrator t=2025-09-03T15:12:53.612880874-05:00 level=info msg="Migration successfully executed" id="adding action set permissions" duration=329.927µs
logger=migrator t=2025-09-03T15:12:53.677747503-05:00 level=info msg="Executing migration" id="create user_external_session table"
logger=migrator t=2025-09-03T15:12:53.678338036-05:00 level=info msg="Migration successfully executed" id="create user_external_session table" duration=590.966µs
logger=migrator t=2025-09-03T15:12:53.707432276-05:00 level=info msg="Executing migration" id="increase name_id column length to 1024"
logger=migrator t=2025-09-03T15:12:53.707478321-05:00 level=info msg="Migration successfully executed" id="increase name_id column length to 1024" duration=33.512µs
logger=migrator t=2025-09-03T15:12:53.732828372-05:00 level=info msg="Executing migration" id="increase session_id column length to 1024"
logger=migrator t=2025-09-03T15:12:53.732923355-05:00 level=info msg="Migration successfully executed" id="increase session_id column length to 1024" duration=96.334µs
logger=migrator t=2025-09-03T15:12:53.820823298-05:00 level=info msg="Executing migration" id="remove scope from alert.notifications.receivers:create"
logger=migrator t=2025-09-03T15:12:53.82112028-05:00 level=info msg="Migration successfully executed" id="remove scope from alert.notifications.receivers:create" duration=297.978µs
logger=migrator t=2025-09-03T15:12:53.82581311-05:00 level=info msg="Executing migration" id="add created_by column to alert_rule_version table"
logger=migrator t=2025-09-03T15:12:53.828985962-05:00 level=info msg="Migration successfully executed" id="add created_by column to alert_rule_version table" duration=3.172243ms
logger=migrator t=2025-09-03T15:12:53.85356867-05:00 level=info msg="Executing migration" id="add updated_by column to alert_rule table"
logger=migrator t=2025-09-03T15:12:53.85763099-05:00 level=info msg="Migration successfully executed" id="add updated_by column to alert_rule table" duration=4.059035ms
logger=migrator t=2025-09-03T15:12:53.882691696-05:00 level=info msg="Executing migration" id="add alert_rule_state table"
logger=migrator t=2025-09-03T15:12:53.883286468-05:00 level=info msg="Migration successfully executed" id="add alert_rule_state table" duration=594.837µs
logger=migrator t=2025-09-03T15:12:53.887893679-05:00 level=info msg="Executing migration" id="add index to alert_rule_state on org_id and rule_uid columns"
logger=migrator t=2025-09-03T15:12:53.888413557-05:00 level=info msg="Migration successfully executed" id="add index to alert_rule_state on org_id and rule_uid columns" duration=519.904µs
logger=migrator t=2025-09-03T15:12:53.913338111-05:00 level=info msg="Executing migration" id="add guid column to alert_rule table"
logger=migrator t=2025-09-03T15:12:53.916423101-05:00 level=info msg="Migration successfully executed" id="add guid column to alert_rule table" duration=3.085979ms
logger=migrator t=2025-09-03T15:12:53.941729207-05:00 level=info msg="Executing migration" id="add rule_guid column to alert_rule_version table"
logger=migrator t=2025-09-03T15:12:53.949222646-05:00 level=info msg="Migration successfully executed" id="add rule_guid column to alert_rule_version table" duration=7.491921ms
logger=migrator t=2025-09-03T15:12:53.954881193-05:00 level=info msg="Executing migration" id="cleanup alert_rule_version table"
logger=migrator t=2025-09-03T15:12:53.954956055-05:00 level=info msg="Rule version record limit is not set, fallback to 100" limit=0
logger=migrator t=2025-09-03T15:12:53.95528539-05:00 level=info msg="Cleaning up table `alert_rule_version`" batchSize=50 batches=0 keepVersions=100
logger=migrator t=2025-09-03T15:12:53.955309314-05:00 level=info msg="Migration successfully executed" id="cleanup alert_rule_version table" duration=431.443µs
logger=migrator t=2025-09-03T15:12:53.980089912-05:00 level=info msg="Executing migration" id="populate rule guid in alert rule table"
logger=migrator t=2025-09-03T15:12:53.980462204-05:00 level=info msg="Migration successfully executed" id="populate rule guid in alert rule table" duration=373.337µs
logger=migrator t=2025-09-03T15:12:54.052357221-05:00 level=info msg="Executing migration" id="drop index in alert_rule_version table on rule_org_id, rule_uid and version columns"
logger=migrator t=2025-09-03T15:12:54.05292386-05:00 level=info msg="Migration successfully executed" id="drop index in alert_rule_version table on rule_org_id, rule_uid and version columns" duration=566.708µs
logger=migrator t=2025-09-03T15:12:54.078319929-05:00 level=info msg="Executing migration" id="add index in alert_rule_version table on rule_org_id, rule_uid, rule_guid and version columns"
logger=migrator t=2025-09-03T15:12:54.080694466-05:00 level=info msg="Migration successfully executed" id="add index in alert_rule_version table on rule_org_id, rule_uid, rule_guid and version columns" duration=2.356236ms
logger=migrator t=2025-09-03T15:12:54.106386909-05:00 level=info msg="Executing migration" id="add index in alert_rule_version table on rule_guid and version columns"
logger=migrator t=2025-09-03T15:12:54.107204949-05:00 level=info msg="Migration successfully executed" id="add index in alert_rule_version table on rule_guid and version columns" duration=818.691µs
logger=migrator t=2025-09-03T15:12:54.111879209-05:00 level=info msg="Executing migration" id="add index in alert_rule table on guid columns"
logger=migrator t=2025-09-03T15:12:54.112466885-05:00 level=info msg="Migration successfully executed" id="add index in alert_rule table on guid columns" duration=582.745µs
logger=migrator t=2025-09-03T15:12:54.205718533-05:00 level=info msg="Executing migration" id="add keep_firing_for column to alert_rule"
logger=migrator t=2025-09-03T15:12:54.208910862-05:00 level=info msg="Migration successfully executed" id="add keep_firing_for column to alert_rule" duration=3.193093ms
logger=migrator t=2025-09-03T15:12:54.233679975-05:00 level=info msg="Executing migration" id="add keep_firing_for column to alert_rule_version"
logger=migrator t=2025-09-03T15:12:54.240543331-05:00 level=info msg="Migration successfully executed" id="add keep_firing_for column to alert_rule_version" duration=6.86485ms
logger=migrator t=2025-09-03T15:12:54.24507771-05:00 level=info msg="Executing migration" id="add missing_series_evals_to_resolve column to alert_rule"
logger=migrator t=2025-09-03T15:12:54.249586365-05:00 level=info msg="Migration successfully executed" id="add missing_series_evals_to_resolve column to alert_rule" duration=4.508561ms
logger=migrator t=2025-09-03T15:12:54.275039305-05:00 level=info msg="Executing migration" id="add missing_series_evals_to_resolve column to alert_rule_version"
logger=migrator t=2025-09-03T15:12:54.279839114-05:00 level=info msg="Migration successfully executed" id="add missing_series_evals_to_resolve column to alert_rule_version" duration=4.799841ms
logger=migrator t=2025-09-03T15:12:54.353629011-05:00 level=info msg="Executing migration" id="remove the datasources:drilldown action"
logger=migrator t=2025-09-03T15:12:54.353795587-05:00 level=info msg="Removed 0 datasources:drilldown permissions"
logger=migrator t=2025-09-03T15:12:54.353806371-05:00 level=info msg="Migration successfully executed" id="remove the datasources:drilldown action" duration=179.178µs
logger=migrator t=2025-09-03T15:12:54.378518637-05:00 level=info msg="Executing migration" id="remove title in folder unique index"
logger=migrator t=2025-09-03T15:12:54.38080307-05:00 level=info msg="Migration successfully executed" id="remove title in folder unique index" duration=2.281721ms
logger=migrator t=2025-09-03T15:12:54.405769658-05:00 level=info msg="Executing migration" id="add fired_at column to alert_instance table"
logger=migrator t=2025-09-03T15:12:54.410766852-05:00 level=info msg="Migration successfully executed" id="add fired_at column to alert_instance table" duration=4.998676ms
logger=migrator t=2025-09-03T15:12:54.435312357-05:00 level=info msg="Executing migration" id="create data_source_usage_by_day table"
logger=migrator t=2025-09-03T15:12:54.435963416-05:00 level=info msg="Migration successfully executed" id="create data_source_usage_by_day table" duration=651.825µs
logger=migrator t=2025-09-03T15:12:54.512633537-05:00 level=info msg="Executing migration" id="create data_source_usage_by_day(data_source_id) index"
logger=migrator t=2025-09-03T15:12:54.513254253-05:00 level=info msg="Migration successfully executed" id="create data_source_usage_by_day(data_source_id) index" duration=621.888µs
logger=migrator t=2025-09-03T15:12:54.518140641-05:00 level=info msg="Executing migration" id="create data_source_usage_by_day(data_source_id, day) unique index"
logger=migrator t=2025-09-03T15:12:54.518651015-05:00 level=info msg="Migration successfully executed" id="create data_source_usage_by_day(data_source_id, day) unique index" duration=510.659µs
logger=migrator t=2025-09-03T15:12:54.543330842-05:00 level=info msg="Executing migration" id="create dashboard_usage_by_day table"
logger=migrator t=2025-09-03T15:12:54.544583008-05:00 level=info msg="Migration successfully executed" id="create dashboard_usage_by_day table" duration=1.253476ms
logger=migrator t=2025-09-03T15:12:54.621121232-05:00 level=info msg="Executing migration" id="create dashboard_usage_sums table"
logger=migrator t=2025-09-03T15:12:54.621948163-05:00 level=info msg="Migration successfully executed" id="create dashboard_usage_sums table" duration=830.915µs
logger=migrator t=2025-09-03T15:12:54.627255618-05:00 level=info msg="Executing migration" id="create dashboard_usage_by_day(dashboard_id) index"
logger=migrator t=2025-09-03T15:12:54.627807977-05:00 level=info msg="Migration successfully executed" id="create dashboard_usage_by_day(dashboard_id) index" duration=552.718µs
logger=migrator t=2025-09-03T15:12:54.653144788-05:00 level=info msg="Executing migration" id="create dashboard_usage_by_day(dashboard_id, day) index"
logger=migrator t=2025-09-03T15:12:54.654241261-05:00 level=info msg="Migration successfully executed" id="create dashboard_usage_by_day(dashboard_id, day) index" duration=1.094032ms
logger=migrator t=2025-09-03T15:12:54.679670788-05:00 level=info msg="Executing migration" id="add column errors_last_1_days to dashboard_usage_sums"
logger=migrator t=2025-09-03T15:12:54.682874183-05:00 level=info msg="Migration successfully executed" id="add column errors_last_1_days to dashboard_usage_sums" duration=3.202212ms
logger=migrator t=2025-09-03T15:12:54.758026072-05:00 level=info msg="Executing migration" id="add column errors_last_7_days to dashboard_usage_sums"
logger=migrator t=2025-09-03T15:12:54.761462802-05:00 level=info msg="Migration successfully executed" id="add column errors_last_7_days to dashboard_usage_sums" duration=3.437676ms
logger=migrator t=2025-09-03T15:12:54.765990551-05:00 level=info msg="Executing migration" id="add column errors_last_30_days to dashboard_usage_sums"
logger=migrator t=2025-09-03T15:12:54.770448996-05:00 level=info msg="Migration successfully executed" id="add column errors_last_30_days to dashboard_usage_sums" duration=4.458216ms
logger=migrator t=2025-09-03T15:12:54.795148515-05:00 level=info msg="Executing migration" id="add column errors_total to dashboard_usage_sums"
logger=migrator t=2025-09-03T15:12:54.798261177-05:00 level=info msg="Migration successfully executed" id="add column errors_total to dashboard_usage_sums" duration=3.112621ms
logger=migrator t=2025-09-03T15:12:54.871691913-05:00 level=info msg="Executing migration" id="create dashboard_public_usage_by_day table"
logger=migrator t=2025-09-03T15:12:54.872350704-05:00 level=info msg="Migration successfully executed" id="create dashboard_public_usage_by_day table" duration=664.631µs
logger=migrator t=2025-09-03T15:12:54.877077281-05:00 level=info msg="Executing migration" id="add column cached_queries to dashboard_usage_by_day table"
logger=migrator t=2025-09-03T15:12:54.881938813-05:00 level=info msg="Migration successfully executed" id="add column cached_queries to dashboard_usage_by_day table" duration=4.8681ms
logger=migrator t=2025-09-03T15:12:54.907429567-05:00 level=info msg="Executing migration" id="add column cached_queries to dashboard_public_usage_by_day table"
logger=migrator t=2025-09-03T15:12:54.912947807-05:00 level=info msg="Migration successfully executed" id="add column cached_queries to dashboard_public_usage_by_day table" duration=5.518098ms
logger=migrator t=2025-09-03T15:12:54.91731204-05:00 level=info msg="Executing migration" id="add column dashboard_uid to dashboard_usage_sums"
logger=migrator t=2025-09-03T15:12:54.920725523-05:00 level=info msg="Migration successfully executed" id="add column dashboard_uid to dashboard_usage_sums" duration=3.415178ms
logger=migrator t=2025-09-03T15:12:54.994939566-05:00 level=info msg="Executing migration" id="add column org_id to dashboard_usage_sums"
logger=migrator t=2025-09-03T15:12:55.002877195-05:00 level=info msg="Migration successfully executed" id="add column org_id to dashboard_usage_sums" duration=7.981918ms
logger=migrator t=2025-09-03T15:12:55.007618301-05:00 level=info msg="Executing migration" id="add column dashboard_uid to dashboard_usage_by_day"
logger=migrator t=2025-09-03T15:12:55.012838262-05:00 level=info msg="Migration successfully executed" id="add column dashboard_uid to dashboard_usage_by_day" duration=5.219353ms
logger=migrator t=2025-09-03T15:12:55.017585461-05:00 level=info msg="Executing migration" id="add column org_id to dashboard_usage_by_day"
logger=migrator t=2025-09-03T15:12:55.02386968-05:00 level=info msg="Migration successfully executed" id="add column org_id to dashboard_usage_by_day" duration=6.283477ms
logger=migrator t=2025-09-03T15:12:55.097120895-05:00 level=info msg="Executing migration" id="create dashboard_usage_by_day(dashboard_uid, org_id, day) unique index"
logger=migrator t=2025-09-03T15:12:55.099600952-05:00 level=info msg="Migration successfully executed" id="create dashboard_usage_by_day(dashboard_uid, org_id, day) unique index" duration=2.484685ms
logger=migrator t=2025-09-03T15:12:55.104928632-05:00 level=info msg="Executing migration" id="Add missing dashboard_uid and org_id to dashboard_usage_by_day and dashboard_usage_sums"
logger=migrator t=2025-09-03T15:12:55.105472731-05:00 level=info msg="Migration successfully executed" id="Add missing dashboard_uid and org_id to dashboard_usage_by_day and dashboard_usage_sums" duration=544.002µs
logger=migrator t=2025-09-03T15:12:55.130839514-05:00 level=info msg="Executing migration" id="Add dashboard_usage_sums(org_id, dashboard_uid) index"
logger=migrator t=2025-09-03T15:12:55.132040368-05:00 level=info msg="Migration successfully executed" id="Add dashboard_usage_sums(org_id, dashboard_uid) index" duration=1.20845ms
logger=migrator t=2025-09-03T15:12:55.158140694-05:00 level=info msg="Executing migration" id="create user_dashboard_views table"
logger=migrator t=2025-09-03T15:12:55.158755806-05:00 level=info msg="Migration successfully executed" id="create user_dashboard_views table" duration=619.438µs
logger=migrator t=2025-09-03T15:12:55.230867415-05:00 level=info msg="Executing migration" id="add index user_dashboard_views.user_id"
logger=migrator t=2025-09-03T15:12:55.23178239-05:00 level=info msg="Migration successfully executed" id="add index user_dashboard_views.user_id" duration=917.062µs
logger=migrator t=2025-09-03T15:12:55.236128594-05:00 level=info msg="Executing migration" id="add index user_dashboard_views.dashboard_id"
logger=migrator t=2025-09-03T15:12:55.236688474-05:00 level=info msg="Migration successfully executed" id="add index user_dashboard_views.dashboard_id" duration=559.439µs
logger=migrator t=2025-09-03T15:12:55.241203831-05:00 level=info msg="Executing migration" id="add unique index user_dashboard_views_user_id_dashboard_id"
logger=migrator t=2025-09-03T15:12:55.242969849-05:00 level=info msg="Migration successfully executed" id="add unique index user_dashboard_views_user_id_dashboard_id" duration=1.763489ms
logger=migrator t=2025-09-03T15:12:55.248169032-05:00 level=info msg="Executing migration" id="add org_id column to user_dashboard_views"
logger=migrator t=2025-09-03T15:12:55.251381923-05:00 level=info msg="Migration successfully executed" id="add org_id column to user_dashboard_views" duration=3.21374ms
logger=migrator t=2025-09-03T15:12:55.321805214-05:00 level=info msg="Executing migration" id="add dashboard_uid column to user_dashboard_views"
logger=migrator t=2025-09-03T15:12:55.327022037-05:00 level=info msg="Migration successfully executed" id="add dashboard_uid column to user_dashboard_views" duration=5.21749ms
logger=migrator t=2025-09-03T15:12:55.33175078-05:00 level=info msg="Executing migration" id="add unique index user_dashboard_views_org_id_dashboard_uid"
logger=migrator t=2025-09-03T15:12:55.333307315-05:00 level=info msg="Migration successfully executed" id="add unique index user_dashboard_views_org_id_dashboard_uid" duration=1.556156ms
logger=migrator t=2025-09-03T15:12:55.33853487-05:00 level=info msg="Executing migration" id="add unique index user_dashboard_views_org_id_user_id_dashboard_uid"
logger=migrator t=2025-09-03T15:12:55.339902722-05:00 level=info msg="Migration successfully executed" id="add unique index user_dashboard_views_org_id_user_id_dashboard_uid" duration=1.368294ms
logger=migrator t=2025-09-03T15:12:55.345796928-05:00 level=info msg="Executing migration" id="populate user_dashboard_views.dashboard_uid and user_dashboard_views.org_id from dashboard table"
logger=migrator t=2025-09-03T15:12:55.346112985-05:00 level=info msg="Migration successfully executed" id="populate user_dashboard_views.dashboard_uid and user_dashboard_views.org_id from dashboard table" duration=316.055µs
logger=migrator t=2025-09-03T15:12:55.418329064-05:00 level=info msg="Executing migration" id="delete views where dashboard does not exist"
logger=migrator t=2025-09-03T15:12:55.418533158-05:00 level=info msg="Migration successfully executed" id="delete views where dashboard does not exist" duration=207.029µs
logger=migrator t=2025-09-03T15:12:55.443371951-05:00 level=info msg="Executing migration" id="create user_stats table"
logger=migrator t=2025-09-03T15:12:55.444271908-05:00 level=info msg="Migration successfully executed" id="create user_stats table" duration=899.448µs
logger=migrator t=2025-09-03T15:12:55.468835073-05:00 level=info msg="Executing migration" id="add unique index user_stats(user_id)"
logger=migrator t=2025-09-03T15:12:55.469774487-05:00 level=info msg="Migration successfully executed" id="add unique index user_stats(user_id)" duration=940.146µs
logger=migrator t=2025-09-03T15:12:55.475202107-05:00 level=info msg="Executing migration" id="create data_source_cache table"
logger=migrator t=2025-09-03T15:12:55.475774012-05:00 level=info msg="Migration successfully executed" id="create data_source_cache table" duration=569.488µs
logger=migrator t=2025-09-03T15:12:55.571019803-05:00 level=info msg="Executing migration" id="add index data_source_cache.data_source_id"
logger=migrator t=2025-09-03T15:12:55.57169773-05:00 level=info msg="Migration successfully executed" id="add index data_source_cache.data_source_id" duration=678.407µs
logger=migrator t=2025-09-03T15:12:55.576074028-05:00 level=info msg="Executing migration" id="add use_default_ttl column"
logger=migrator t=2025-09-03T15:12:55.579831347-05:00 level=info msg="Migration successfully executed" id="add use_default_ttl column" duration=3.756809ms
logger=migrator t=2025-09-03T15:12:55.584424441-05:00 level=info msg="Executing migration" id="add data_source_cache.data_source_uid column"
logger=migrator t=2025-09-03T15:12:55.587605885-05:00 level=info msg="Migration successfully executed" id="add data_source_cache.data_source_uid column" duration=3.181107ms
logger=migrator t=2025-09-03T15:12:55.612133439-05:00 level=info msg="Executing migration" id="remove abandoned data_source_cache records"
logger=migrator t=2025-09-03T15:12:55.612393115-05:00 level=info msg="Migration successfully executed" id="remove abandoned data_source_cache records" duration=258.459µs
logger=migrator t=2025-09-03T15:12:55.686080903-05:00 level=info msg="Executing migration" id="update data_source_cache.data_source_uid value"
logger=migrator t=2025-09-03T15:12:55.686275009-05:00 level=info msg="Migration successfully executed" id="update data_source_cache.data_source_uid value" duration=195.284µs
logger=migrator t=2025-09-03T15:12:55.711723166-05:00 level=info msg="Executing migration" id="add index data_source_cache.data_source_uid"
logger=migrator t=2025-09-03T15:12:55.712684174-05:00 level=info msg="Migration successfully executed" id="add index data_source_cache.data_source_uid" duration=961.95µs
logger=migrator t=2025-09-03T15:12:55.738257234-05:00 level=info msg="Executing migration" id="add data_source_cache.ttl_resources_ms column"
logger=migrator t=2025-09-03T15:12:55.741680442-05:00 level=info msg="Migration successfully executed" id="add data_source_cache.ttl_resources_ms column" duration=3.422614ms
logger=migrator t=2025-09-03T15:12:55.766196091-05:00 level=info msg="Executing migration" id="update data_source_cache.ttl_resources_ms to have the same value as ttl_ms"
logger=migrator t=2025-09-03T15:12:55.766359894-05:00 level=info msg="Migration successfully executed" id="update data_source_cache.ttl_resources_ms to have the same value as ttl_ms" duration=164.983µs
logger=migrator t=2025-09-03T15:12:55.838538742-05:00 level=info msg="Executing migration" id="create data_source_acl table"
logger=migrator t=2025-09-03T15:12:55.839316936-05:00 level=info msg="Migration successfully executed" id="create data_source_acl table" duration=778.052µs
logger=migrator t=2025-09-03T15:12:55.844044733-05:00 level=info msg="Executing migration" id="add index data_source_acl.data_source_id"
logger=migrator t=2025-09-03T15:12:55.844676456-05:00 level=info msg="Migration successfully executed" id="add index data_source_acl.data_source_id" duration=631.827µs
logger=migrator t=2025-09-03T15:12:55.870012865-05:00 level=info msg="Executing migration" id="add unique index datasource_acl.unique"
logger=migrator t=2025-09-03T15:12:55.870788946-05:00 level=info msg="Migration successfully executed" id="add unique index datasource_acl.unique" duration=779.035µs
logger=migrator t=2025-09-03T15:12:55.959760959-05:00 level=info msg="Executing migration" id="create license_token table"
logger=migrator t=2025-09-03T15:12:55.960316078-05:00 level=info msg="Migration successfully executed" id="create license_token table" duration=555.802µs
logger=migrator t=2025-09-03T15:12:55.985387882-05:00 level=info msg="Executing migration" id="drop recorded_queries table v14"
logger=migrator t=2025-09-03T15:12:55.985605257-05:00 level=info msg="Migration successfully executed" id="drop recorded_queries table v14" duration=219.324µs
logger=migrator t=2025-09-03T15:12:55.990775925-05:00 level=info msg="Executing migration" id="drop recording_rules table v14"
logger=migrator t=2025-09-03T15:12:55.990968848-05:00 level=info msg="Migration successfully executed" id="drop recording_rules table v14" duration=194.473µs
logger=migrator t=2025-09-03T15:12:56.01633644-05:00 level=info msg="Executing migration" id="create recording_rules table v14"
logger=migrator t=2025-09-03T15:12:56.016994829-05:00 level=info msg="Migration successfully executed" id="create recording_rules table v14" duration=659.056µs
logger=migrator t=2025-09-03T15:12:56.097375761-05:00 level=info msg="Executing migration" id="create remote_write_targets table v1"
logger=migrator t=2025-09-03T15:12:56.097946605-05:00 level=info msg="Migration successfully executed" id="create remote_write_targets table v1" duration=571.985µs
logger=migrator t=2025-09-03T15:12:56.12278208-05:00 level=info msg="Executing migration" id="Add prom_name to recording_rules table"
logger=migrator t=2025-09-03T15:12:56.126502378-05:00 level=info msg="Migration successfully executed" id="Add prom_name to recording_rules table" duration=3.719991ms
logger=migrator t=2025-09-03T15:12:56.239034451-05:00 level=info msg="Executing migration" id="ensure remote_write_targets table"
logger=migrator t=2025-09-03T15:12:56.239210434-05:00 level=info msg="Migration successfully executed" id="ensure remote_write_targets table" duration=183.665µs
logger=migrator t=2025-09-03T15:12:56.24499654-05:00 level=info msg="Executing migration" id="create report config table v1"
logger=migrator t=2025-09-03T15:12:56.245599581-05:00 level=info msg="Migration successfully executed" id="create report config table v1" duration=603.408µs
logger=migrator t=2025-09-03T15:12:56.270369932-05:00 level=info msg="Executing migration" id="Add index report.user_id"
logger=migrator t=2025-09-03T15:12:56.270997072-05:00 level=info msg="Migration successfully executed" id="Add index report.user_id" duration=627.802µs
logger=migrator t=2025-09-03T15:12:56.296264404-05:00 level=info msg="Executing migration" id="add index to dashboard_id"
logger=migrator t=2025-09-03T15:12:56.296888305-05:00 level=info msg="Migration successfully executed" id="add index to dashboard_id" duration=624.417µs
logger=migrator t=2025-09-03T15:12:56.37144975-05:00 level=info msg="Executing migration" id="add index to org_id"
logger=migrator t=2025-09-03T15:12:56.372305532-05:00 level=info msg="Migration successfully executed" id="add index to org_id" duration=858.58µs
logger=migrator t=2025-09-03T15:12:56.377005656-05:00 level=info msg="Executing migration" id="Add timezone to the report"
logger=migrator t=2025-09-03T15:12:56.380424799-05:00 level=info msg="Migration successfully executed" id="Add timezone to the report" duration=3.418866ms
logger=migrator t=2025-09-03T15:12:56.405898705-05:00 level=info msg="Executing migration" id="Add time_from to the report"
logger=migrator t=2025-09-03T15:12:56.410062246-05:00 level=info msg="Migration successfully executed" id="Add time_from to the report" duration=4.16338ms
logger=migrator t=2025-09-03T15:12:56.484729433-05:00 level=info msg="Executing migration" id="Add time_to to the report"
logger=migrator t=2025-09-03T15:12:56.490934639-05:00 level=info msg="Migration successfully executed" id="Add time_to to the report" duration=6.206005ms
logger=migrator t=2025-09-03T15:12:56.495618447-05:00 level=info msg="Executing migration" id="Add PDF landscape option to the report"
logger=migrator t=2025-09-03T15:12:56.500441441-05:00 level=info msg="Migration successfully executed" id="Add PDF landscape option to the report" duration=4.820141ms
logger=migrator t=2025-09-03T15:12:56.506146369-05:00 level=info msg="Executing migration" id="Add monthly day scheduling option to the report"
logger=migrator t=2025-09-03T15:12:56.511088286-05:00 level=info msg="Migration successfully executed" id="Add monthly day scheduling option to the report" duration=4.942482ms
logger=migrator t=2025-09-03T15:12:56.538485304-05:00 level=info msg="Executing migration" id="Add PDF layout option to the report"
logger=migrator t=2025-09-03T15:12:56.546128273-05:00 level=info msg="Migration successfully executed" id="Add PDF layout option to the report" duration=7.644804ms
logger=migrator t=2025-09-03T15:12:56.627668538-05:00 level=info msg="Executing migration" id="Add PDF orientation option to the report"
logger=migrator t=2025-09-03T15:12:56.632895505-05:00 level=info msg="Migration successfully executed" id="Add PDF orientation option to the report" duration=5.227132ms
logger=migrator t=2025-09-03T15:12:56.637855358-05:00 level=info msg="Executing migration" id="Update report pdf_orientation from pdf_landscape"
logger=migrator t=2025-09-03T15:12:56.638052918-05:00 level=info msg="Migration successfully executed" id="Update report pdf_orientation from pdf_landscape" duration=198.036µs
logger=migrator t=2025-09-03T15:12:56.642905498-05:00 level=info msg="Executing migration" id="create report settings table"
logger=migrator t=2025-09-03T15:12:56.643441479-05:00 level=info msg="Migration successfully executed" id="create report settings table" duration=536.196µs
logger=migrator t=2025-09-03T15:12:56.736727869-05:00 level=info msg="Executing migration" id="Add dashboard_uid field to the report"
logger=migrator t=2025-09-03T15:12:56.742565117-05:00 level=info msg="Migration successfully executed" id="Add dashboard_uid field to the report" duration=5.841069ms
logger=migrator t=2025-09-03T15:12:56.74703459-05:00 level=info msg="Executing migration" id="Add template_vars field to the report"
logger=migrator t=2025-09-03T15:12:56.750655169-05:00 level=info msg="Migration successfully executed" id="Add template_vars field to the report" duration=3.620423ms
logger=migrator t=2025-09-03T15:12:56.775630112-05:00 level=info msg="Executing migration" id="Add option to include dashboard url in the report"
logger=migrator t=2025-09-03T15:12:56.779707824-05:00 level=info msg="Migration successfully executed" id="Add option to include dashboard url in the report" duration=4.081054ms
logger=migrator t=2025-09-03T15:12:56.80441187-05:00 level=info msg="Executing migration" id="Add state field to the report"
logger=migrator t=2025-09-03T15:12:56.811316595-05:00 level=info msg="Migration successfully executed" id="Add state field to the report" duration=6.907007ms
logger=migrator t=2025-09-03T15:12:56.815735636-05:00 level=info msg="Executing migration" id="Add option to add CSV files to the report"
logger=migrator t=2025-09-03T15:12:56.821676732-05:00 level=info msg="Migration successfully executed" id="Add option to add CSV files to the report" duration=5.938037ms
logger=migrator t=2025-09-03T15:12:56.892970061-05:00 level=info msg="Executing migration" id="Add scheduling start date"
logger=migrator t=2025-09-03T15:12:56.898692629-05:00 level=info msg="Migration successfully executed" id="Add scheduling start date" duration=5.726808ms
logger=migrator t=2025-09-03T15:12:56.903403108-05:00 level=info msg="Executing migration" id="Add missing schedule_start date for old reports"
logger=migrator t=2025-09-03T15:12:56.904025484-05:00 level=info msg="Migration successfully executed" id="Add missing schedule_start date for old reports" duration=629.172µs
logger=migrator t=2025-09-03T15:12:56.909702744-05:00 level=info msg="Executing migration" id="Add scheduling end date"
logger=migrator t=2025-09-03T15:12:56.914133353-05:00 level=info msg="Migration successfully executed" id="Add scheduling end date" duration=4.432643ms
logger=migrator t=2025-09-03T15:12:56.938660439-05:00 level=info msg="Executing migration" id="Add schedulinng custom interval frequency"
logger=migrator t=2025-09-03T15:12:56.944493594-05:00 level=info msg="Migration successfully executed" id="Add schedulinng custom interval frequency" duration=5.832517ms
logger=migrator t=2025-09-03T15:12:57.01451045-05:00 level=info msg="Executing migration" id="Add scheduling custom interval amount"
logger=migrator t=2025-09-03T15:12:57.018084746-05:00 level=info msg="Migration successfully executed" id="Add scheduling custom interval amount" duration=3.574189ms
logger=migrator t=2025-09-03T15:12:57.021795124-05:00 level=info msg="Executing migration" id="Add workdays only flag to report"
logger=migrator t=2025-09-03T15:12:57.026339368-05:00 level=info msg="Migration successfully executed" id="Add workdays only flag to report" duration=4.542752ms
logger=migrator t=2025-09-03T15:12:57.030563455-05:00 level=info msg="Executing migration" id="create report dashboards table"
logger=migrator t=2025-09-03T15:12:57.031006774-05:00 level=info msg="Migration successfully executed" id="create report dashboards table" duration=443.511µs
logger=migrator t=2025-09-03T15:12:57.035361661-05:00 level=info msg="Executing migration" id="Add index report_dashboards.report_id"
logger=migrator t=2025-09-03T15:12:57.035967006-05:00 level=info msg="Migration successfully executed" id="Add index report_dashboards.report_id" duration=605.703µs
logger=migrator t=2025-09-03T15:12:57.109425813-05:00 level=info msg="Executing migration" id="Migrate report fields into report_dashboards"
logger=migrator t=2025-09-03T15:12:57.109656701-05:00 level=info msg="Migration successfully executed" id="Migrate report fields into report_dashboards" duration=232.156µs
logger=migrator t=2025-09-03T15:12:57.114197381-05:00 level=info msg="Executing migration" id="Add formats option to the report"
logger=migrator t=2025-09-03T15:12:57.119259785-05:00 level=info msg="Migration successfully executed" id="Add formats option to the report" duration=5.064194ms
logger=migrator t=2025-09-03T15:12:57.123565887-05:00 level=info msg="Executing migration" id="Migrate reports with csv enabled"
logger=migrator t=2025-09-03T15:12:57.123703538-05:00 level=info msg="Migration successfully executed" id="Migrate reports with csv enabled" duration=137.876µs
logger=migrator t=2025-09-03T15:12:57.128306405-05:00 level=info msg="Executing migration" id="Migrate ancient reports"
logger=migrator t=2025-09-03T15:12:57.128463106-05:00 level=info msg="Migration successfully executed" id="Migrate ancient reports" duration=157.12µs
logger=migrator t=2025-09-03T15:12:57.201238182-05:00 level=info msg="Executing migration" id="Add created column in report_dashboards"
logger=migrator t=2025-09-03T15:12:57.206330875-05:00 level=info msg="Migration successfully executed" id="Add created column in report_dashboards" duration=5.093671ms
logger=migrator t=2025-09-03T15:12:57.21078165-05:00 level=info msg="Executing migration" id="Add scale_factor to the report"
logger=migrator t=2025-09-03T15:12:57.216308311-05:00 level=info msg="Migration successfully executed" id="Add scale_factor to the report" duration=5.52678ms
logger=migrator t=2025-09-03T15:12:57.221248376-05:00 level=info msg="Executing migration" id="Alter scale_factor from TINYINT to SMALLINT"
logger=migrator t=2025-09-03T15:12:57.221274948-05:00 level=info msg="Migration successfully executed" id="Alter scale_factor from TINYINT to SMALLINT" duration=27.967µs
logger=migrator t=2025-09-03T15:12:57.225713238-05:00 level=info msg="Executing migration" id="Add uid column to report"
logger=migrator t=2025-09-03T15:12:57.231164493-05:00 level=info msg="Migration successfully executed" id="Add uid column to report" duration=5.450633ms
logger=migrator t=2025-09-03T15:12:57.304379597-05:00 level=info msg="Executing migration" id="Add unique index reports_org_id_uid"
logger=migrator t=2025-09-03T15:12:57.306534637-05:00 level=info msg="Migration successfully executed" id="Add unique index reports_org_id_uid" duration=2.15872ms
logger=migrator t=2025-09-03T15:12:57.312138971-05:00 level=info msg="Executing migration" id="Add pdf show template variable values to the report"
logger=migrator t=2025-09-03T15:12:57.315743496-05:00 level=info msg="Migration successfully executed" id="Add pdf show template variable values to the report" duration=3.604058ms
logger=migrator t=2025-09-03T15:12:57.340658771-05:00 level=info msg="Executing migration" id="Add pdf combine in one file"
logger=migrator t=2025-09-03T15:12:57.344105961-05:00 level=info msg="Migration successfully executed" id="Add pdf combine in one file" duration=3.447458ms
logger=migrator t=2025-09-03T15:12:57.368872906-05:00 level=info msg="Executing migration" id="Add pdf theme to report settings table"
logger=migrator t=2025-09-03T15:12:57.374116296-05:00 level=info msg="Migration successfully executed" id="Add pdf theme to report settings table" duration=5.239806ms
logger=migrator t=2025-09-03T15:12:57.445088959-05:00 level=info msg="Executing migration" id="Add email subject to the report"
logger=migrator t=2025-09-03T15:12:57.448755752-05:00 level=info msg="Migration successfully executed" id="Add email subject to the report" duration=3.667172ms
logger=migrator t=2025-09-03T15:12:57.453517369-05:00 level=info msg="Executing migration" id="Populate email subject with report name"
logger=migrator t=2025-09-03T15:12:57.453626608-05:00 level=info msg="Migration successfully executed" id="Populate email subject with report name" duration=109.561µs
logger=migrator t=2025-09-03T15:12:57.478696615-05:00 level=info msg="Executing migration" id="Add embedded image theme to report settings table"
logger=migrator t=2025-09-03T15:12:57.482314889-05:00 level=info msg="Migration successfully executed" id="Add embedded image theme to report settings table" duration=3.620447ms
logger=migrator t=2025-09-03T15:12:57.574005276-05:00 level=info msg="Executing migration" id="create team group table"
logger=migrator t=2025-09-03T15:12:57.574685581-05:00 level=info msg="Migration successfully executed" id="create team group table" duration=694.759µs
logger=migrator t=2025-09-03T15:12:57.580406199-05:00 level=info msg="Executing migration" id="add index team_group.org_id"
logger=migrator t=2025-09-03T15:12:57.581172669-05:00 level=info msg="Migration successfully executed" id="add index team_group.org_id" duration=766.506µs
logger=migrator t=2025-09-03T15:12:57.606978588-05:00 level=info msg="Executing migration" id="add unique index team_group.org_id_team_id_group_id"
logger=migrator t=2025-09-03T15:12:57.607854751-05:00 level=info msg="Migration successfully executed" id="add unique index team_group.org_id_team_id_group_id" duration=878.528µs
logger=migrator t=2025-09-03T15:12:57.632558485-05:00 level=info msg="Executing migration" id="add index team_group.group_id"
logger=migrator t=2025-09-03T15:12:57.633995657-05:00 level=info msg="Migration successfully executed" id="add index team_group.group_id" duration=1.437124ms
logger=migrator t=2025-09-03T15:12:57.704749084-05:00 level=info msg="Executing migration" id="create settings table"
logger=migrator t=2025-09-03T15:12:57.706518282-05:00 level=info msg="Migration successfully executed" id="create settings table" duration=1.771369ms
logger=migrator t=2025-09-03T15:12:57.731395154-05:00 level=info msg="Executing migration" id="add unique index settings.section_key"
logger=migrator t=2025-09-03T15:12:57.731991178-05:00 level=info msg="Migration successfully executed" id="add unique index settings.section_key" duration=596.757µs
logger=migrator t=2025-09-03T15:12:57.756875112-05:00 level=info msg="Executing migration" id="add setting.encrypted_value"
logger=migrator t=2025-09-03T15:12:57.761523242-05:00 level=info msg="Migration successfully executed" id="add setting.encrypted_value" duration=4.644875ms
logger=migrator t=2025-09-03T15:12:57.766639655-05:00 level=info msg="Executing migration" id="migrate role names"
logger=migrator t=2025-09-03T15:12:57.769970768-05:00 level=info msg="Migration successfully executed" id="migrate role names" duration=3.335764ms
logger=migrator t=2025-09-03T15:12:57.841303308-05:00 level=info msg="Executing migration" id="rename orgs roles"
logger=migrator t=2025-09-03T15:12:57.842258568-05:00 level=info msg="Migration successfully executed" id="rename orgs roles" duration=955.688µs
logger=migrator t=2025-09-03T15:12:57.867146025-05:00 level=info msg="Executing migration" id="remove duplicated org role"
logger=migrator t=2025-09-03T15:12:57.867463532-05:00 level=info msg="Migration successfully executed" id="remove duplicated org role" duration=317.946µs
logger=migrator t=2025-09-03T15:12:57.892259218-05:00 level=info msg="Executing migration" id="migrate alerting role names"
logger=migrator t=2025-09-03T15:12:57.895485288-05:00 level=info msg="Migration successfully executed" id="migrate alerting role names" duration=3.226828ms
logger=migrator t=2025-09-03T15:12:57.900531404-05:00 level=info msg="Executing migration" id="data source permissions"
logger=migrator t=2025-09-03T15:12:57.900882398-05:00 level=info msg="Migration successfully executed" id="data source permissions" duration=350.879µs
logger=migrator t=2025-09-03T15:12:57.925609314-05:00 level=info msg="Executing migration" id="data source uid permissions"
logger=migrator t=2025-09-03T15:12:57.925883197-05:00 level=info msg="Migration successfully executed" id="data source uid permissions" duration=274.565µs
logger=migrator t=2025-09-03T15:12:58.018634983-05:00 level=info msg="Executing migration" id="rename permissions:delegate scope"
logger=migrator t=2025-09-03T15:12:58.018790578-05:00 level=info msg="Migration successfully executed" id="rename permissions:delegate scope" duration=157.067µs
logger=migrator t=2025-09-03T15:12:58.023336723-05:00 level=info msg="Executing migration" id="remove invalid managed permissions"
logger=migrator t=2025-09-03T15:12:58.023570366-05:00 level=info msg="Migration successfully executed" id="remove invalid managed permissions" duration=234.156µs
logger=migrator t=2025-09-03T15:12:58.028290103-05:00 level=info msg="Executing migration" id="builtin role migration"
logger="builtin-role migrator" t=2025-09-03T15:12:58.028966129-05:00 level=info msg="no permission to create"
logger=migrator t=2025-09-03T15:12:58.029334796-05:00 level=info msg="Migration successfully executed" id="builtin role migration" duration=1.045002ms
logger=migrator t=2025-09-03T15:12:58.120818951-05:00 level=info msg="Executing migration" id="seed permissions migration"
logger=migrator t=2025-09-03T15:12:58.121148235-05:00 level=info msg="Migration successfully executed" id="seed permissions migration" duration=329.915µs
logger=migrator t=2025-09-03T15:12:58.126479098-05:00 level=info msg="Executing migration" id="managed permissions migration enterprise"
logger=migrator t=2025-09-03T15:12:58.126763469-05:00 level=info msg="Migration successfully executed" id="managed permissions migration enterprise" duration=285.071µs
logger=migrator t=2025-09-03T15:12:58.151682248-05:00 level=info msg="Executing migration" id="create table dashboard_public_email_share"
logger=migrator t=2025-09-03T15:12:58.152881952-05:00 level=info msg="Migration successfully executed" id="create table dashboard_public_email_share" duration=1.200281ms
logger=migrator t=2025-09-03T15:12:58.178975829-05:00 level=info msg="Executing migration" id="create table dashboard_public_magic_link"
logger=migrator t=2025-09-03T15:12:58.181004085-05:00 level=info msg="Migration successfully executed" id="create table dashboard_public_magic_link" duration=2.030955ms
logger=migrator t=2025-09-03T15:12:58.276357721-05:00 level=info msg="Executing migration" id="create table dashboard_public_session"
logger=migrator t=2025-09-03T15:12:58.278090125-05:00 level=info msg="Migration successfully executed" id="create table dashboard_public_session" duration=1.73285ms
logger=migrator t=2025-09-03T15:12:58.282957234-05:00 level=info msg="Executing migration" id="add last_seen_at column"
logger=migrator t=2025-09-03T15:12:58.287889925-05:00 level=info msg="Migration successfully executed" id="add last_seen_at column" duration=4.931243ms
logger=migrator t=2025-09-03T15:12:58.31311667-05:00 level=info msg="migrations completed" performed=780 skipped=0 duration=19.458168065s
logger=migrator t=2025-09-03T15:12:58.31347437-05:00 level=info msg="Unlocking database"
logger=sqlstore t=2025-09-03T15:12:58.319971504-05:00 level=info msg="Created default admin" user=admin
logger=sqlstore t=2025-09-03T15:12:58.320105691-05:00 level=info msg="Created default organization"
logger=licensing t=2025-09-03T15:12:58.345749343-05:00 level=info msg="Validated license token" appURL=http://localhost:3000/ source=disk status=NotFound
logger=secrets t=2025-09-03T15:12:58.345810028-05:00 level=info msg="Envelope encryption state" enabled=true currentprovider=secretKey.v1
logger=renderer.manager t=2025-09-03T15:12:58.393281377-05:00 level=error msg="Failed to get renderer plugin sources" error="failed to open plugins path"
logger=plugin.angulardetectorsprovider.dynamic t=2025-09-03T15:12:58.393648733-05:00 level=info msg="Restored cache from database" duration=283.103µs
logger=entity-db t=2025-09-03T15:12:58.394161172-05:00 level=info msg="Using database section" db_type=sqlite3
logger=entity-db t=2025-09-03T15:12:58.394194269-05:00 level=info msg="Initializing Resource DB" db_type=sqlite3 open_conn=0 in_use_conn=0 idle_conn=0 max_open_conn=0
logger=resource-migrator t=2025-09-03T15:12:58.397385315-05:00 level=info msg="Locking database"
logger=resource-migrator t=2025-09-03T15:12:58.397405273-05:00 level=info msg="Starting DB migrations"
logger=resource-migrator t=2025-09-03T15:12:58.401574366-05:00 level=info msg="Executing migration" id="create resource_migration_log table"
logger=resource-migrator t=2025-09-03T15:12:58.402192301-05:00 level=info msg="Migration successfully executed" id="create resource_migration_log table" duration=615.894µs
logger=resource-migrator t=2025-09-03T15:12:58.473457597-05:00 level=info msg="Executing migration" id="Initialize resource tables"
logger=resource-migrator t=2025-09-03T15:12:58.473491347-05:00 level=info msg="Migration successfully executed" id="Initialize resource tables" duration=35.439µs
logger=resource-migrator t=2025-09-03T15:12:58.478076663-05:00 level=info msg="Executing migration" id="drop table resource"
logger=resource-migrator t=2025-09-03T15:12:58.478125879-05:00 level=info msg="Migration successfully executed" id="drop table resource" duration=50.046µs
logger=resource-migrator t=2025-09-03T15:12:58.50256345-05:00 level=info msg="Executing migration" id="create table resource"
logger=resource-migrator t=2025-09-03T15:12:58.503204176-05:00 level=info msg="Migration successfully executed" id="create table resource" duration=641.475µs
logger=resource-migrator t=2025-09-03T15:12:58.528456684-05:00 level=info msg="Executing migration" id="create table resource, index: 0"
logger=resource-migrator t=2025-09-03T15:12:58.52909755-05:00 level=info msg="Migration successfully executed" id="create table resource, index: 0" duration=641.257µs
logger=resource-migrator t=2025-09-03T15:12:58.554523788-05:00 level=info msg="Executing migration" id="drop table resource_history"
logger=resource-migrator t=2025-09-03T15:12:58.554620562-05:00 level=info msg="Migration successfully executed" id="drop table resource_history" duration=98.389µs
logger=resource-migrator t=2025-09-03T15:12:58.559285624-05:00 level=info msg="Executing migration" id="create table resource_history"
logger=resource-migrator t=2025-09-03T15:12:58.559946706-05:00 level=info msg="Migration successfully executed" id="create table resource_history" duration=660.729µs
logger=resource-migrator t=2025-09-03T15:12:58.56530933-05:00 level=info msg="Executing migration" id="create table resource_history, index: 0"
logger=resource-migrator t=2025-09-03T15:12:58.565977514-05:00 level=info msg="Migration successfully executed" id="create table resource_history, index: 0" duration=668.169µs
logger=resource-migrator t=2025-09-03T15:12:58.578008291-05:00 level=info msg="Executing migration" id="create table resource_history, index: 1"
logger=resource-migrator t=2025-09-03T15:12:58.578629683-05:00 level=info msg="Migration successfully executed" id="create table resource_history, index: 1" duration=621.716µs
logger=resource-migrator t=2025-09-03T15:12:58.651676014-05:00 level=info msg="Executing migration" id="drop table resource_version"
logger=resource-migrator t=2025-09-03T15:12:58.651918642-05:00 level=info msg="Migration successfully executed" id="drop table resource_version" duration=245.64µs
logger=resource-migrator t=2025-09-03T15:12:58.656596542-05:00 level=info msg="Executing migration" id="create table resource_version"
logger=resource-migrator t=2025-09-03T15:12:58.657179215-05:00 level=info msg="Migration successfully executed" id="create table resource_version" duration=583.061µs
logger=resource-migrator t=2025-09-03T15:12:58.685218502-05:00 level=info msg="Executing migration" id="create table resource_version, index: 0"
logger=resource-migrator t=2025-09-03T15:12:58.687126314-05:00 level=info msg="Migration successfully executed" id="create table resource_version, index: 0" duration=1.912382ms
logger=resource-migrator t=2025-09-03T15:12:58.69194902-05:00 level=info msg="Executing migration" id="drop table resource_blob"
logger=resource-migrator t=2025-09-03T15:12:58.692083362-05:00 level=info msg="Migration successfully executed" id="drop table resource_blob" duration=135.467µs
logger=resource-migrator t=2025-09-03T15:12:58.764348537-05:00 level=info msg="Executing migration" id="create table resource_blob"
logger=resource-migrator t=2025-09-03T15:12:58.76497465-05:00 level=info msg="Migration successfully executed" id="create table resource_blob" duration=626.454µs
logger=resource-migrator t=2025-09-03T15:12:58.770356792-05:00 level=info msg="Executing migration" id="create table resource_blob, index: 0"
logger=resource-migrator t=2025-09-03T15:12:58.771095438-05:00 level=info msg="Migration successfully executed" id="create table resource_blob, index: 0" duration=738.094µs
logger=resource-migrator t=2025-09-03T15:12:58.776166194-05:00 level=info msg="Executing migration" id="create table resource_blob, index: 1"
logger=resource-migrator t=2025-09-03T15:12:58.776859242-05:00 level=info msg="Migration successfully executed" id="create table resource_blob, index: 1" duration=693.541µs
logger=resource-migrator t=2025-09-03T15:12:58.868292741-05:00 level=info msg="Executing migration" id="Add column previous_resource_version in resource_history"
logger=resource-migrator t=2025-09-03T15:12:58.873009017-05:00 level=info msg="Migration successfully executed" id="Add column previous_resource_version in resource_history" duration=4.71616ms
logger=resource-migrator t=2025-09-03T15:12:58.89770968-05:00 level=info msg="Executing migration" id="Add column previous_resource_version in resource"
logger=resource-migrator t=2025-09-03T15:12:58.9045148-05:00 level=info msg="Migration successfully executed" id="Add column previous_resource_version in resource" duration=6.791383ms
logger=resource-migrator t=2025-09-03T15:12:58.929732289-05:00 level=info msg="Executing migration" id="Add index to resource_history for polling"
logger=resource-migrator t=2025-09-03T15:12:58.932639341-05:00 level=info msg="Migration successfully executed" id="Add index to resource_history for polling" duration=2.90761ms
logger=resource-migrator t=2025-09-03T15:12:58.938254354-05:00 level=info msg="Executing migration" id="Add index to resource for loading"
logger=resource-migrator t=2025-09-03T15:12:58.941139043-05:00 level=info msg="Migration successfully executed" id="Add index to resource for loading" duration=2.884346ms
logger=resource-migrator t=2025-09-03T15:12:59.014159561-05:00 level=info msg="Executing migration" id="Add column folder in resource_history"
logger=resource-migrator t=2025-09-03T15:12:59.019458007-05:00 level=info msg="Migration successfully executed" id="Add column folder in resource_history" duration=5.297652ms
logger=resource-migrator t=2025-09-03T15:12:59.024596514-05:00 level=info msg="Executing migration" id="Add column folder in resource"
logger=resource-migrator t=2025-09-03T15:12:59.028284004-05:00 level=info msg="Migration successfully executed" id="Add column folder in resource" duration=3.687055ms
logger=resource-migrator t=2025-09-03T15:12:59.033166321-05:00 level=info msg="Executing migration" id="Migrate DeletionMarkers to real Resource objects"
logger=deletion-marker-migrator t=2025-09-03T15:12:59.033225214-05:00 level=info msg="finding any deletion markers"
logger=resource-migrator t=2025-09-03T15:12:59.033429376-05:00 level=info msg="Migration successfully executed" id="Migrate DeletionMarkers to real Resource objects" duration=263.078µs
logger=resource-migrator t=2025-09-03T15:12:59.059299599-05:00 level=info msg="Executing migration" id="Add index to resource_history for get trash"
logger=resource-migrator t=2025-09-03T15:12:59.060013932-05:00 level=info msg="Migration successfully executed" id="Add index to resource_history for get trash" duration=715.794µs
logger=resource-migrator t=2025-09-03T15:12:59.151893437-05:00 level=info msg="Executing migration" id="Add generation to resource history"
logger=resource-migrator t=2025-09-03T15:12:59.156213088-05:00 level=info msg="Migration successfully executed" id="Add generation to resource history" duration=4.32054ms
logger=resource-migrator t=2025-09-03T15:12:59.160607111-05:00 level=info msg="Executing migration" id="Add generation index to resource history"
logger=resource-migrator t=2025-09-03T15:12:59.161296799-05:00 level=info msg="Migration successfully executed" id="Add generation index to resource history" duration=689.648µs
logger=resource-migrator t=2025-09-03T15:12:59.186304875-05:00 level=info msg="migrations completed" performed=26 skipped=0 duration=784.750249ms
logger=resource-migrator t=2025-09-03T15:12:59.186670049-05:00 level=info msg="Unlocking database"
t=2025-09-03T15:12:59.186845777-05:00 level=info caller=logger.go:214 time=2025-09-03T15:12:59.186827754-05:00 msg="Using channel notifier" logger=sql-resource-server
logger=plugin.store t=2025-09-03T15:12:59.194145806-05:00 level=info msg="Loading plugins..."
logger=plugin.sources t=2025-09-03T15:12:59.194177339-05:00 level=error msg="Failed to load external plugins" error="failed to open plugins path"
logger=plugins.registration t=2025-09-03T15:12:59.20880541-05:00 level=error msg="Could not register plugin" pluginId=table error="plugin table is already registered"
logger=plugins.initialization t=2025-09-03T15:12:59.208881999-05:00 level=error msg="Could not initialize plugin" pluginId=table error="plugin table is already registered"
logger=plugin.store t=2025-09-03T15:12:59.209205324-05:00 level=info msg="Plugins loaded" count=53 duration=15.058931ms
logger=caching.service t=2025-09-03T15:12:59.211407507-05:00 level=info msg="Caching service is disabled"
logger=query_data t=2025-09-03T15:12:59.213160494-05:00 level=info msg="Query Service initialization"
logger=live.push_http t=2025-09-03T15:12:59.216420393-05:00 level=info msg="Live Push Gateway initialization"
logger=ngalert.notifier component=alertmanager orgID=1 t=2025-09-03T15:12:59.224509324-05:00 level=info msg="Applying new configuration to Alertmanager" configHash=d2c56faca6af2a5772ff4253222f7386
logger=ngalert.writer t=2025-09-03T15:12:59.232690639-05:00 level=info msg="Setting up remote write using data sources" timeout=10s default_datasource_uid=
logger=ngalert t=2025-09-03T15:12:59.232736871-05:00 level=info msg="Using simple database alert instance store"
logger=ngalert.state.manager.persist t=2025-09-03T15:12:59.232748091-05:00 level=info msg="Using sync state persister"
logger=infra.usagestats.collector t=2025-09-03T15:12:59.238256959-05:00 level=info msg="registering usage stat providers" usageStatsProvidersLen=3
logger=plugin.backgroundinstaller t=2025-09-03T15:12:59.238595856-05:00 level=info msg="Installing plugin" pluginId=grafana-exploretraces-app version=
logger=grafanaStorageLogger t=2025-09-03T15:12:59.238708302-05:00 level=info msg="Storage starting"
logger=report t=2025-09-03T15:12:59.238679362-05:00 level=warn msg="Scheduling and sending of reports disabled, SMTP is not configured and enabled. Configure SMTP to enable."
logger=renderer.manager t=2025-09-03T15:12:59.238808512-05:00 level=error msg="Failed to get renderer plugin sources" error="failed to open plugins path"
logger=ngalert.multiorg.alertmanager t=2025-09-03T15:12:59.238850799-05:00 level=info msg="Starting MultiOrg Alertmanager"
logger=ngalert.state.manager t=2025-09-03T15:12:59.238811935-05:00 level=info msg="Warming state cache for startup"
logger=http.server t=2025-09-03T15:12:59.240114547-05:00 level=info msg="HTTP Server Listen" address=[::]:3000 protocol=http subUrl= socket=
logger=provisioning.alerting t=2025-09-03T15:12:59.395665364-05:00 level=info msg="starting to provision alerting"
logger=provisioning.alerting t=2025-09-03T15:12:59.395703508-05:00 level=info msg="finished to provision alerting"
logger=plugins.update.checker t=2025-09-03T15:12:59.418676822-05:00 level=info msg="Update check succeeded" duration=180.024812ms
logger=grafana.update.checker t=2025-09-03T15:12:59.418803262-05:00 level=info msg="Update check succeeded" duration=180.22688ms
logger=ngalert.state.manager t=2025-09-03T15:12:59.678015725-05:00 level=info msg="State cache has been initialized" states=0 duration=439.203653ms
logger=ngalert.scheduler t=2025-09-03T15:12:59.678096187-05:00 level=info msg="Starting scheduler" tickInterval=10s maxAttempts=3
logger=ticker t=2025-09-03T15:12:59.67818678-05:00 level=info msg=starting first_tick=2025-09-03T15:13:00-05:00
logger=grafana-apiserver t=2025-09-03T15:12:59.683842373-05:00 level=info msg="Adding GroupVersion playlist.grafana.app v0alpha1 to ResourceManager"
logger=grafana-apiserver t=2025-09-03T15:12:59.684192989-05:00 level=info msg="Adding GroupVersion userstorage.grafana.app v0alpha1 to ResourceManager"
logger=grafana-apiserver t=2025-09-03T15:12:59.684348423-05:00 level=info msg="Adding GroupVersion features.grafana.app v0alpha1 to ResourceManager"
logger=grafana-apiserver t=2025-09-03T15:12:59.685156908-05:00 level=info msg="Adding GroupVersion notifications.alerting.grafana.app v0alpha1 to ResourceManager"
logger=grafana-apiserver t=2025-09-03T15:12:59.687116081-05:00 level=info msg="Adding GroupVersion dashboard.grafana.app v1beta1 to ResourceManager"
logger=grafana-apiserver t=2025-09-03T15:12:59.687381973-05:00 level=info msg="Adding GroupVersion dashboard.grafana.app v0alpha1 to ResourceManager"
logger=grafana-apiserver t=2025-09-03T15:12:59.687652331-05:00 level=info msg="Adding GroupVersion dashboard.grafana.app v2alpha1 to ResourceManager"
logger=grafana-apiserver t=2025-09-03T15:12:59.688257659-05:00 level=info msg="Adding GroupVersion folder.grafana.app v1beta1 to ResourceManager"
logger=grafana-apiserver t=2025-09-03T15:12:59.689256208-05:00 level=info msg="Adding GroupVersion iam.grafana.app v0alpha1 to ResourceManager"
logger=app-registry t=2025-09-03T15:12:59.720390167-05:00 level=info msg="app registry initialized"
logger=provisioning.dashboard t=2025-09-03T15:12:59.725965741-05:00 level=info msg="starting to provision dashboards"
logger=provisioning.dashboard t=2025-09-03T15:12:59.726038433-05:00 level=info msg="finished to provision dashboards"
logger=plugin.angulardetectorsprovider.dynamic t=2025-09-03T15:12:59.935603211-05:00 level=info msg="Patterns update finished" duration=210.67883ms
logger=plugin.installer t=2025-09-03T15:12:59.985989364-05:00 level=info msg="Installing plugin" pluginId=grafana-exploretraces-app version=
logger=installer.fs t=2025-09-03T15:13:00.023778977-05:00 level=info msg="Downloaded and extracted grafana-exploretraces-app v1.1.3 zip successfully to /home/demo/clases/msc/class3/grafana-12.1.1/data/plugins/grafana-exploretraces-app"
logger=plugins.registration t=2025-09-03T15:13:00.038429691-05:00 level=info msg="Plugin registered" pluginId=grafana-exploretraces-app
logger=plugin.backgroundinstaller t=2025-09-03T15:13:00.038591062-05:00 level=info msg="Plugin successfully installed" pluginId=grafana-exploretraces-app version= duration=799.944712ms
logger=plugin.backgroundinstaller t=2025-09-03T15:13:00.039677643-05:00 level=info msg="Installing plugin" pluginId=grafana-metricsdrilldown-app version=
logger=plugin.installer t=2025-09-03T15:13:00.49779737-05:00 level=info msg="Installing plugin" pluginId=grafana-metricsdrilldown-app version=
logger=installer.fs t=2025-09-03T15:13:00.538520761-05:00 level=info msg="Downloaded and extracted grafana-metricsdrilldown-app v1.0.12 zip successfully to /home/demo/clases/msc/class3/grafana-12.1.1/data/plugins/grafana-metricsdrilldown-app"
logger=plugins.registration t=2025-09-03T15:13:00.549803919-05:00 level=info msg="Plugin registered" pluginId=grafana-metricsdrilldown-app
logger=plugin.backgroundinstaller t=2025-09-03T15:13:00.549837537-05:00 level=info msg="Plugin successfully installed" pluginId=grafana-metricsdrilldown-app version= duration=510.079516ms
logger=plugin.backgroundinstaller t=2025-09-03T15:13:00.549860517-05:00 level=info msg="Installing plugin" pluginId=grafana-lokiexplore-app version=
logger=plugin.installer t=2025-09-03T15:13:01.690397381-05:00 level=info msg="Installing plugin" pluginId=grafana-lokiexplore-app version=
logger=installer.fs t=2025-09-03T15:13:01.767291701-05:00 level=info msg="Downloaded and extracted grafana-lokiexplore-app v1.0.26 zip successfully to /home/demo/clases/msc/class3/grafana-12.1.1/data/plugins/grafana-lokiexplore-app"
logger=plugins.registration t=2025-09-03T15:13:01.781960304-05:00 level=info msg="Plugin registered" pluginId=grafana-lokiexplore-app
logger=plugin.backgroundinstaller t=2025-09-03T15:13:01.781996789-05:00 level=info msg="Plugin successfully installed" pluginId=grafana-lokiexplore-app version= duration=1.232128141s
logger=plugin.backgroundinstaller t=2025-09-03T15:13:01.782016862-05:00 level=info msg="Installing plugin" pluginId=grafana-pyroscope-app version=
logger=plugin.installer t=2025-09-03T15:13:02.173117412-05:00 level=info msg="Installing plugin" pluginId=grafana-pyroscope-app version=
logger=installer.fs t=2025-09-03T15:13:02.210014452-05:00 level=info msg="Downloaded and extracted grafana-pyroscope-app v1.8.1 zip successfully to /home/demo/clases/msc/class3/grafana-12.1.1/data/plugins/grafana-pyroscope-app"
logger=plugins.registration t=2025-09-03T15:13:02.218286389-05:00 level=info msg="Plugin registered" pluginId=grafana-pyroscope-app
logger=plugin.backgroundinstaller t=2025-09-03T15:13:02.218323268-05:00 level=info msg="Plugin successfully installed" pluginId=grafana-pyroscope-app version= duration=436.29963ms
logger=context userId=0 orgId=0 uname= t=2025-09-03T15:13:15.084530052-05:00 level=info msg="Request Completed" method=GET path=/ status=302 remote_addr=[::1] time_ms=0 duration=68.873µs size=29 referer= handler=/ status_source=server
logger=context userId=1 orgId=1 uname=admin t=2025-09-03T15:13:30.775507416-05:00 level=info msg="Request Completed" method=GET path=/api/live/ws status=-1 remote_addr=[::1] time_ms=1 duration=1.896688ms size=0 referer= handler=/api/live/ws status_source=server
logger=infra.usagestats t=2025-09-03T15:14:29.250398832-05:00 level=info msg="Usage stats are ready to report"
logger=context userId=1 orgId=1 uname=admin t=2025-09-03T15:17:07.195516536-05:00 level=info msg="Request Completed" method=GET path=/apis/provisioning.grafana.app/v0alpha1/namespaces/default/settings status=404 remote_addr=[::1] time_ms=1 duration=1.319737ms size=19 referer="http://localhost:3000/dashboard/new?editPanel=1&from=now-6h&orgId=1&timezone=browser&to=now" handler=/apis/* status_source=server
logger=live t=2025-09-03T15:17:09.269343507-05:00 level=info msg="Initialized channel handler" channel=grafana/dashboard/uid/a2f0645a-b884-4831-84f5-bdd9ca6e87c4 address=grafana/dashboard/uid/a2f0645a-b884-4831-84f5-bdd9ca6e87c4
logger=context userId=1 orgId=1 uname=admin t=2025-09-03T15:17:38.783639851-05:00 level=info msg="Request Completed" method=GET path=/apis/provisioning.grafana.app/v0alpha1/namespaces/default/settings status=404 remote_addr=[::1] time_ms=1 duration=1.004967ms size=19 referer="http://localhost:3000/d/a2f0645a-b884-4831-84f5-bdd9ca6e87c4/new-dashboard?editPanel=2&from=now-6h&orgId=1&timezone=browser&to=now" handler=/apis/* status_source=server
logger=cleanup t=2025-09-03T15:22:59.285030523-05:00 level=info msg="Completed cleanup jobs" duration=45.763215ms
logger=plugins.update.checker t=2025-09-03T15:22:59.939369011-05:00 level=info msg="Update check succeeded" duration=520.497782ms
logger=context userId=1 orgId=1 uname=admin t=2025-09-03T15:24:13.082810932-05:00 level=info msg="Request Completed" method=GET path=/apis/provisioning.grafana.app/v0alpha1/namespaces/default/settings status=404 remote_addr=[::1] time_ms=16 duration=16.103349ms size=19 referer="http://localhost:3000/d/a2f0645a-b884-4831-84f5-bdd9ca6e87c4/new-dashboard?from=now-6h&orgId=1&timezone=browser&to=now" handler=/apis/* status_source=server
logger=context userId=1 orgId=1 uname=admin t=2025-09-03T15:24:21.009817005-05:00 level=info msg="Request Completed" method=GET path=/api/live/ws status=-1 remote_addr=[::1] time_ms=3 duration=3.834354ms size=0 referer= handler=/api/live/ws status_source=server
logger=settings t=2025-09-26T02:40:13.061529802Z level=info msg="Starting Grafana" version=12.1.1 commit=df5de8219b41d1e639e003bf5f3a85913761d167 branch=HEAD compiled=2025-09-26T02:40:12Z
logger=settings t=2025-09-26T02:40:13.067396895Z level=info msg="Config loaded from" file=/tmp/docker-desktop-root/run/desktop/mnt/host/c/Users/joshu/OneDrive/Escritorio/codi/Microservicios/Proyecto-Microservicios/grafana-12.1.1/conf/defaults.ini
logger=settings t=2025-09-26T02:40:13.067621193Z level=info msg=Target target=[all]
logger=settings t=2025-09-26T02:40:13.067806608Z level=info msg="Path Home" path=/tmp/docker-desktop-root/run/desktop/mnt/host/c/Users/joshu/OneDrive/Escritorio/codi/Microservicios/Proyecto-Microservicios/grafana-12.1.1
logger=settings t=2025-09-26T02:40:13.068001429Z level=info msg="Path Data" path=/tmp/docker-desktop-root/run/desktop/mnt/host/c/Users/joshu/OneDrive/Escritorio/codi/Microservicios/Proyecto-Microservicios/grafana-12.1.1/data
logger=settings t=2025-09-26T02:40:13.068232394Z level=info msg="Path Logs" path=/tmp/docker-desktop-root/run/desktop/mnt/host/c/Users/joshu/OneDrive/Escritorio/codi/Microservicios/Proyecto-Microservicios/grafana-12.1.1/data/log
logger=settings t=2025-09-26T02:40:13.068850057Z level=info msg="Path Plugins" path=/tmp/docker-desktop-root/run/desktop/mnt/host/c/Users/joshu/OneDrive/Escritorio/codi/Microservicios/Proyecto-Microservicios/grafana-12.1.1/data/plugins
logger=settings t=2025-09-26T02:40:13.069041176Z level=info msg="Path Provisioning" path=/tmp/docker-desktop-root/run/desktop/mnt/host/c/Users/joshu/OneDrive/Escritorio/codi/Microservicios/Proyecto-Microservicios/grafana-12.1.1/conf/provisioning
logger=settings t=2025-09-26T02:40:13.069240866Z level=info msg="App mode production"
logger=featuremgmt t=2025-09-26T02:40:13.069740197Z level=info msg=FeatureToggles groupToNestedTableTransformation=true ssoSettingsLDAP=true alertingQueryAndExpressionsStepMode=true alertingRuleRecoverDeleted=true logsPanelControls=true cloudWatchCrossAccountQuerying=true dataplaneFrontendFallback=true alertRuleRestore=true alertingUIOptimizeReducer=true pinNavItems=true alertingRulePermanentlyDelete=true cloudWatchRoundUpEndTime=true pluginsDetailsRightPanel=true newFiltersUI=true azureMonitorEnableUserAuth=true grafanaconThemes=true publicDashboardsScene=true dashboardSceneForViewers=true unifiedRequestLog=true formatString=true skipTokenRotationIfRecent=true nestedFolders=true panelMonitoring=true dashboardSceneSolo=true logsContextDatasourceUi=true onPremToCloudMigrations=true logsInfiniteScrolling=true prometheusAzureOverrideAudience=true useSessionStorageForRedirection=true logsExploreTableVisualisation=true influxdbBackendMigration=true tlsMemcached=true jaegerBackendMigration=true addFieldFromCalculationStatFunctions=true alertingBulkActionsInUI=true dashboardScene=true alertingMigrationUI=true dashgpt=true awsDatasourcesTempCredentials=true ssoSettingsSAML=true preinstallAutoUpdate=true recordedQueriesMulti=true awsAsyncQueryCaching=true lokiQuerySplitting=true improvedExternalSessionHandling=true newDashboardSharingComponent=true unifiedStorageSearchPermissionFiltering=true kubernetesClientDashboardsFolders=true improvedExternalSessionHandlingSAML=true unifiedStorageHistoryPruner=true alertingRuleVersionHistoryRestore=true transformationsRedesign=true cloudWatchNewLabelParsing=true annotationPermissionUpdate=true alertingNotificationsStepMode=true alertingImportYAMLUI=true newPDFRendering=true externalCorePlugins=true correlations=true logRowsPopoverMenu=true azureMonitorPrometheusExemplars=true teamHttpHeadersMimir=true lokiLabelNamesQueryApi=true tabularNumbers=true promQLScope=true
logger=sqlstore t=2025-09-26T02:40:13.070742291Z level=info msg="Connecting to DB" dbtype=sqlite3
logger=sqlstore t=2025-09-26T02:40:13.073557848Z level=warn msg="SQLite database file has broader permissions than it should" path=/tmp/docker-desktop-root/run/desktop/mnt/host/c/Users/joshu/OneDrive/Escritorio/codi/Microservicios/Proyecto-Microservicios/grafana-12.1.1/data/grafana.db mode=-rwxrwxrwx expected=-rw-r-----
logger=migrator t=2025-09-26T02:40:13.276863148Z level=info msg="Locking database"
logger=migrator t=2025-09-26T02:40:13.277119578Z level=info msg="Starting DB migrations"
logger=migrator t=2025-09-26T02:40:13.323494148Z level=info msg="migrations completed" performed=0 skipped=780 duration=1.205356ms
logger=migrator t=2025-09-26T02:40:13.325335249Z level=info msg="Unlocking database"
logger=licensing t=2025-09-26T02:40:13.332129667Z level=info msg="Validated license token" appURL=http://localhost:3000/ source=disk status=NotFound
logger=secrets t=2025-09-26T02:40:13.33236185Z level=info msg="Envelope encryption state" enabled=true currentprovider=secretKey.v1
logger=plugin.angulardetectorsprovider.dynamic t=2025-09-26T02:40:14.842245769Z level=info msg="Restored cache from database" duration=3.209486ms
logger=entity-db t=2025-09-26T02:40:14.898491Z level=info msg="Using database section" db_type=sqlite3
logger=entity-db t=2025-09-26T02:40:14.898902439Z level=info msg="Initializing Resource DB" db_type=sqlite3 open_conn=0 in_use_conn=0 idle_conn=0 max_open_conn=0
logger=resource-migrator t=2025-09-26T02:40:14.922620093Z level=info msg="Locking database"
logger=resource-migrator t=2025-09-26T02:40:14.922993273Z level=info msg="Starting DB migrations"
logger=resource-migrator t=2025-09-26T02:40:14.964257567Z level=info msg="migrations completed" performed=0 skipped=26 duration=190.055µs
logger=resource-migrator t=2025-09-26T02:40:14.96706877Z level=info msg="Unlocking database"
t=2025-09-26T02:40:14.974633029Z level=info caller=logger.go:214 time=2025-09-26T02:40:14.967967002Z msg="Using channel notifier" logger=sql-resource-server
logger=plugin.store t=2025-09-26T02:40:15.019529269Z level=info msg="Loading plugins..."
logger=plugins.registration t=2025-09-26T02:40:34.539002574Z level=error msg="Could not register plugin" pluginId=table error="plugin table is already registered"
logger=plugins.initialization t=2025-09-26T02:40:34.539664157Z level=error msg="Could not initialize plugin" pluginId=table error="plugin table is already registered"
logger=plugins.registration t=2025-09-26T02:40:37.219928185Z level=info msg="Plugin registered" pluginId=grafana-exploretraces-app
logger=plugins.registration t=2025-09-26T02:40:39.41272131Z level=info msg="Plugin registered" pluginId=grafana-lokiexplore-app
logger=plugins.registration t=2025-09-26T02:40:40.275694064Z level=info msg="Plugin registered" pluginId=grafana-metricsdrilldown-app
logger=plugins.registration t=2025-09-26T02:40:41.265096488Z level=info msg="Plugin registered" pluginId=grafana-pyroscope-app
logger=plugin.store t=2025-09-26T02:40:41.265358753Z level=info msg="Plugins loaded" count=57 duration=26.246213974s
logger=caching.service t=2025-09-26T02:40:41.273974973Z level=info msg="Caching service is disabled"
logger=query_data t=2025-09-26T02:40:41.583842262Z level=info msg="Query Service initialization"
logger=live.push_http t=2025-09-26T02:40:41.65381995Z level=info msg="Live Push Gateway initialization"
logger=ngalert.notifier component=alertmanager orgID=1 t=2025-09-26T02:40:41.673298895Z level=info msg="Applying new configuration to Alertmanager" configHash=d2c56faca6af2a5772ff4253222f7386
logger=ngalert.writer t=2025-09-26T02:40:41.699063695Z level=info msg="Setting up remote write using data sources" timeout=10s default_datasource_uid=
logger=ngalert t=2025-09-26T02:40:41.706314652Z level=info msg="Using simple database alert instance store"
logger=ngalert.state.manager.persist t=2025-09-26T02:40:41.706534544Z level=info msg="Using sync state persister"
logger=infra.usagestats.collector t=2025-09-26T02:40:41.81655392Z level=info msg="registering usage stat providers" usageStatsProvidersLen=3
logger=grafanaStorageLogger t=2025-09-26T02:40:41.817222888Z level=info msg="Storage starting"
logger=ngalert.multiorg.alertmanager t=2025-09-26T02:40:41.826058422Z level=info msg="Starting MultiOrg Alertmanager"
logger=report t=2025-09-26T02:40:41.826652093Z level=warn msg="Scheduling and sending of reports disabled, SMTP is not configured and enabled. Configure SMTP to enable."
logger=ngalert.state.manager t=2025-09-26T02:40:41.817819765Z level=info msg="Warming state cache for startup"
logger=provisioning.alerting t=2025-09-26T02:40:41.997254733Z level=info msg="starting to provision alerting"
logger=provisioning.alerting t=2025-09-26T02:40:41.997501285Z level=info msg="finished to provision alerting"
logger=grafana.update.checker t=2025-09-26T02:40:42.018441124Z level=info msg="Update check succeeded" duration=201.216777ms
logger=ngalert.state.manager t=2025-09-26T02:40:42.022470779Z level=info msg="State cache has been initialized" states=0 duration=204.647075ms
logger=ngalert.scheduler t=2025-09-26T02:40:42.022801635Z level=info msg="Starting scheduler" tickInterval=10s maxAttempts=3
logger=ticker t=2025-09-26T02:40:42.023185675Z level=info msg=starting first_tick=2025-09-26T02:40:50Z
logger=plugin.backgroundinstaller t=2025-09-26T02:40:42.049928159Z level=info msg="Installing plugin" pluginId=grafana-lokiexplore-app version=
logger=http.server t=2025-09-26T02:40:42.051693946Z level=info msg="HTTP Server Listen" address=[::]:3000 protocol=http subUrl= socket=
logger=provisioning.dashboard t=2025-09-26T02:40:42.06373581Z level=info msg="starting to provision dashboards"
logger=provisioning.dashboard t=2025-09-26T02:40:42.063976386Z level=info msg="finished to provision dashboards"
logger=sqlstore.transactions t=2025-09-26T02:40:42.081090054Z level=info msg="Database locked, sleeping then retrying" error="database is locked" retry=0
logger=plugin.angulardetectorsprovider.dynamic t=2025-09-26T02:40:42.098376661Z level=info msg="Patterns update finished" duration=203.19217ms
logger=plugin.installer t=2025-09-26T02:40:42.159584176Z level=info msg="Updating plugin" pluginId=grafana-lokiexplore-app from=1.0.26 to=1.0.27
logger=grafana-apiserver t=2025-09-26T02:40:42.380249218Z level=info msg="Adding GroupVersion playlist.grafana.app v0alpha1 to ResourceManager"
logger=grafana-apiserver t=2025-09-26T02:40:42.387135922Z level=info msg="Adding GroupVersion notifications.alerting.grafana.app v0alpha1 to ResourceManager"
logger=grafana-apiserver t=2025-09-26T02:40:42.388445473Z level=info msg="Adding GroupVersion folder.grafana.app v1beta1 to ResourceManager"
logger=grafana-apiserver t=2025-09-26T02:40:42.389376804Z level=info msg="Adding GroupVersion userstorage.grafana.app v0alpha1 to ResourceManager"
logger=grafana-apiserver t=2025-09-26T02:40:42.389875439Z level=info msg="Adding GroupVersion features.grafana.app v0alpha1 to ResourceManager"
logger=grafana-apiserver t=2025-09-26T02:40:42.392723486Z level=info msg="Adding GroupVersion dashboard.grafana.app v1beta1 to ResourceManager"
logger=grafana-apiserver t=2025-09-26T02:40:42.393458133Z level=info msg="Adding GroupVersion dashboard.grafana.app v0alpha1 to ResourceManager"
logger=grafana-apiserver t=2025-09-26T02:40:42.394116054Z level=info msg="Adding GroupVersion dashboard.grafana.app v2alpha1 to ResourceManager"
logger=grafana-apiserver t=2025-09-26T02:40:42.39606993Z level=info msg="Adding GroupVersion iam.grafana.app v0alpha1 to ResourceManager"
logger=plugins.update.checker t=2025-09-26T02:40:42.482032544Z level=info msg="Update check succeeded" duration=664.433479ms
logger=app-registry t=2025-09-26T02:40:42.53154695Z level=info msg="app registry initialized"
logger=installer.fs t=2025-09-26T02:40:43.857031135Z level=info msg="Downloaded and extracted grafana-lokiexplore-app v1.0.27 zip successfully to /tmp/docker-desktop-root/run/desktop/mnt/host/c/Users/joshu/OneDrive/Escritorio/codi/Microservicios/Proyecto-Microservicios/grafana-12.1.1/data/plugins/grafana-lokiexplore-app"
logger=plugins.registration t=2025-09-26T02:40:44.861128221Z level=info msg="Plugin registered" pluginId=grafana-lokiexplore-app
logger=plugin.backgroundinstaller t=2025-09-26T02:40:44.86153378Z level=info msg="Plugin successfully installed" pluginId=grafana-lokiexplore-app version= duration=2.811292772s
logger=plugin.backgroundinstaller t=2025-09-26T02:40:45.087500263Z level=info msg="Installing plugin" pluginId=grafana-pyroscope-app version=
logger=plugin.installer t=2025-09-26T02:40:45.206514554Z level=info msg="Updating plugin" pluginId=grafana-pyroscope-app from=1.8.1 to=1.10.0
logger=installer.fs t=2025-09-26T02:40:45.810701996Z level=info msg="Downloaded and extracted grafana-pyroscope-app v1.10.0 zip successfully to /tmp/docker-desktop-root/run/desktop/mnt/host/c/Users/joshu/OneDrive/Escritorio/codi/Microservicios/Proyecto-Microservicios/grafana-12.1.1/data/plugins/grafana-pyroscope-app"
logger=plugins.registration t=2025-09-26T02:40:46.305719447Z level=info msg="Plugin registered" pluginId=grafana-pyroscope-app
logger=plugin.backgroundinstaller t=2025-09-26T02:40:46.306002986Z level=info msg="Plugin successfully installed" pluginId=grafana-pyroscope-app version= duration=1.218072846s
logger=plugin.backgroundinstaller t=2025-09-26T02:40:46.415663086Z level=info msg="Installing plugin" pluginId=grafana-exploretraces-app version=
logger=plugin.installer t=2025-09-26T02:40:46.524612082Z level=info msg="Updating plugin" pluginId=grafana-exploretraces-app from=1.1.3 to=1.1.4
logger=installer.fs t=2025-09-26T02:40:47.43776735Z level=info msg="Downloaded and extracted grafana-exploretraces-app v1.1.4 zip successfully to /tmp/docker-desktop-root/run/desktop/mnt/host/c/Users/joshu/OneDrive/Escritorio/codi/Microservicios/Proyecto-Microservicios/grafana-12.1.1/data/plugins/grafana-exploretraces-app"
logger=plugins.registration t=2025-09-26T02:40:48.102203608Z level=info msg="Plugin registered" pluginId=grafana-exploretraces-app
logger=plugin.backgroundinstaller t=2025-09-26T02:40:48.102422246Z level=info msg="Plugin successfully installed" pluginId=grafana-exploretraces-app version= duration=1.686345471s
logger=plugin.backgroundinstaller t=2025-09-26T02:40:48.226979463Z level=info msg="Installing plugin" pluginId=grafana-metricsdrilldown-app version=
logger=plugin.installer t=2025-09-26T02:40:48.336235035Z level=info msg="Updating plugin" pluginId=grafana-metricsdrilldown-app from=1.0.12 to=1.0.16
logger=installer.fs t=2025-09-26T02:40:49.058746592Z level=info msg="Downloaded and extracted grafana-metricsdrilldown-app v1.0.16 zip successfully to /tmp/docker-desktop-root/run/desktop/mnt/host/c/Users/joshu/OneDrive/Escritorio/codi/Microservicios/Proyecto-Microservicios/grafana-12.1.1/data/plugins/grafana-metricsdrilldown-app"
logger=plugins.registration t=2025-09-26T02:40:49.69155694Z level=info msg="Plugin registered" pluginId=grafana-metricsdrilldown-app
logger=plugin.backgroundinstaller t=2025-09-26T02:40:49.691815377Z level=info msg="Plugin successfully installed" pluginId=grafana-metricsdrilldown-app version= duration=1.464639633s
logger=infra.usagestats t=2025-09-26T02:41:23.845111785Z level=info msg="Usage stats are ready to report"
logger=context userId=0 orgId=0 uname= t=2025-09-26T02:42:17.942397159Z level=info msg="Request Completed" method=GET path=/ status=302 remote_addr=[::1] time_ms=16 duration=16.043982ms size=29 referer= handler=/ status_source=server
logger=authn.service t=2025-09-26T02:44:33.103706794Z level=info msg="Failed to authenticate request" client=auth.client.form error="[password-auth.failed] failed to authenticate identity: LDAP not enabled\n[password-auth.invalid] invalid password"
logger=context userId=0 orgId=0 uname= t=2025-09-26T02:44:33.104324084Z level=info msg="Request Completed" method=POST path=/login status=401 remote_addr=[::1] time_ms=64 duration=64.937421ms size=94 referer=http://localhost:3000/login handler=/login status_source=server errorReason=Unauthorized errorMessageID=password-auth.failed error="failed to authenticate identity: LDAP not enabled\n[password-auth.invalid] invalid password"
logger=context userId=1 orgId=1 uname=admin t=2025-09-26T02:45:08.779328516Z level=info msg="Request Completed" method=GET path=/api/live/ws status=-1 remote_addr=[::1] time_ms=12 duration=12.298582ms size=0 referer= handler=/api/live/ws status_source=server
logger=cleanup t=2025-09-26T02:50:41.85395665Z level=info msg="Completed cleanup jobs" duration=48.180359ms
logger=plugins.update.checker t=2025-09-26T02:50:43.051378487Z level=info msg="Update check succeeded" duration=598.393512ms
logger=cleanup t=2025-09-26T03:00:41.928863671Z level=info msg="Completed cleanup jobs" duration=158.000744ms
logger=plugins.update.checker t=2025-09-26T03:00:43.006253026Z level=info msg="Update check succeeded" duration=587.805261ms
logger=context userId=1 orgId=1 uname=admin t=2025-09-26T03:01:59.357689731Z level=info msg="Request Completed" method=GET path=/api/live/ws status=-1 remote_addr=[::1] time_ms=14 duration=14.002938ms size=0 referer= handler=/api/live/ws status_source=server
logger=server t=2025-09-26T03:02:13.536569055Z level=info msg="Shutdown started" reason="System signal: interrupt"
logger=ticker t=2025-09-26T03:02:13.537383481Z level=info msg=stopped last_tick=2025-09-26T03:02:10Z
logger=tracing t=2025-09-26T03:02:13.537648364Z level=info msg="Closing tracing"
logger=grafana-apiserver t=2025-09-26T03:02:13.538693595Z level=info msg="StorageObjectCountTracker pruner is exiting"
logger=settings t=2025-09-26T03:04:41.438890116Z level=info msg="Starting Grafana" version=12.1.1 commit=df5de8219b41d1e639e003bf5f3a85913761d167 branch=HEAD compiled=2025-09-26T03:04:41Z
logger=settings t=2025-09-26T03:04:41.441686144Z level=info msg="Config loaded from" file=/tmp/docker-desktop-root/run/desktop/mnt/host/c/Users/joshu/OneDrive/Escritorio/codi/Microservicios/Proyecto-Microservicios/grafana-12.1.1/conf/defaults.ini
logger=settings t=2025-09-26T03:04:41.441930587Z level=info msg=Target target=[all]
logger=settings t=2025-09-26T03:04:41.442129259Z level=info msg="Path Home" path=/tmp/docker-desktop-root/run/desktop/mnt/host/c/Users/joshu/OneDrive/Escritorio/codi/Microservicios/Proyecto-Microservicios/grafana-12.1.1
logger=settings t=2025-09-26T03:04:41.442308212Z level=info msg="Path Data" path=/tmp/docker-desktop-root/run/desktop/mnt/host/c/Users/joshu/OneDrive/Escritorio/codi/Microservicios/Proyecto-Microservicios/grafana-12.1.1/data
logger=settings t=2025-09-26T03:04:41.442503778Z level=info msg="Path Logs" path=/tmp/docker-desktop-root/run/desktop/mnt/host/c/Users/joshu/OneDrive/Escritorio/codi/Microservicios/Proyecto-Microservicios/grafana-12.1.1/data/log
logger=settings t=2025-09-26T03:04:41.443085396Z level=info msg="Path Plugins" path=/tmp/docker-desktop-root/run/desktop/mnt/host/c/Users/joshu/OneDrive/Escritorio/codi/Microservicios/Proyecto-Microservicios/grafana-12.1.1/data/plugins
logger=settings t=2025-09-26T03:04:41.443278637Z level=info msg="Path Provisioning" path=/tmp/docker-desktop-root/run/desktop/mnt/host/c/Users/joshu/OneDrive/Escritorio/codi/Microservicios/Proyecto-Microservicios/grafana-12.1.1/conf/provisioning
logger=settings t=2025-09-26T03:04:41.443460195Z level=info msg="App mode production"
logger=featuremgmt t=2025-09-26T03:04:41.444226834Z level=info msg=FeatureToggles awsDatasourcesTempCredentials=true grafanaconThemes=true panelMonitoring=true useSessionStorageForRedirection=true correlations=true logsInfiniteScrolling=true alertingBulkActionsInUI=true alertingRuleVersionHistoryRestore=true alertingUIOptimizeReducer=true onPremToCloudMigrations=true azureMonitorEnableUserAuth=true dashboardSceneForViewers=true recordedQueriesMulti=true formatString=true addFieldFromCalculationStatFunctions=true unifiedRequestLog=true alertingQueryAndExpressionsStepMode=true prometheusAzureOverrideAudience=true logsExploreTableVisualisation=true tlsMemcached=true newDashboardSharingComponent=true ssoSettingsSAML=true alertRuleRestore=true groupToNestedTableTransformation=true ssoSettingsLDAP=true lokiLabelNamesQueryApi=true tabularNumbers=true kubernetesClientDashboardsFolders=true awsAsyncQueryCaching=true cloudWatchRoundUpEndTime=true logsContextDatasourceUi=true improvedExternalSessionHandlingSAML=true cloudWatchCrossAccountQuerying=true dashboardScene=true jaegerBackendMigration=true externalCorePlugins=true publicDashboardsScene=true newPDFRendering=true azureMonitorPrometheusExemplars=true dashboardSceneSolo=true pluginsDetailsRightPanel=true preinstallAutoUpdate=true newFiltersUI=true improvedExternalSessionHandling=true annotationPermissionUpdate=true lokiQuerySplitting=true nestedFolders=true alertingRuleRecoverDeleted=true skipTokenRotationIfRecent=true teamHttpHeadersMimir=true logRowsPopoverMenu=true pinNavItems=true dashgpt=true unifiedStorageSearchPermissionFiltering=true alertingMigrationUI=true influxdbBackendMigration=true transformationsRedesign=true alertingRulePermanentlyDelete=true cloudWatchNewLabelParsing=true alertingImportYAMLUI=true promQLScope=true alertingNotificationsStepMode=true logsPanelControls=true dataplaneFrontendFallback=true unifiedStorageHistoryPruner=true
logger=sqlstore t=2025-09-26T03:04:41.444974504Z level=info msg="Connecting to DB" dbtype=sqlite3
logger=sqlstore t=2025-09-26T03:04:41.447011214Z level=warn msg="SQLite database file has broader permissions than it should" path=/tmp/docker-desktop-root/run/desktop/mnt/host/c/Users/joshu/OneDrive/Escritorio/codi/Microservicios/Proyecto-Microservicios/grafana-12.1.1/data/grafana.db mode=-rwxrwxrwx expected=-rw-r-----
logger=migrator t=2025-09-26T03:04:41.678131628Z level=info msg="Locking database"
logger=migrator t=2025-09-26T03:04:41.678372834Z level=info msg="Starting DB migrations"
logger=migrator t=2025-09-26T03:04:41.718695761Z level=info msg="migrations completed" performed=0 skipped=780 duration=758.848µs
logger=migrator t=2025-09-26T03:04:41.721092331Z level=info msg="Unlocking database"
logger=licensing t=2025-09-26T03:04:41.729583431Z level=info msg="Validated license token" appURL=http://localhost:3000/ source=disk status=NotFound
logger=secrets t=2025-09-26T03:04:41.729844447Z level=info msg="Envelope encryption state" enabled=true currentprovider=secretKey.v1
logger=plugin.angulardetectorsprovider.dynamic t=2025-09-26T03:04:43.188035123Z level=info msg="Restored cache from database" duration=1.927684ms
logger=entity-db t=2025-09-26T03:04:43.22674925Z level=info msg="Using database section" db_type=sqlite3
logger=entity-db t=2025-09-26T03:04:43.227120072Z level=info msg="Initializing Resource DB" db_type=sqlite3 open_conn=0 in_use_conn=0 idle_conn=0 max_open_conn=0
logger=resource-migrator t=2025-09-26T03:04:43.244093991Z level=info msg="Locking database"
logger=resource-migrator t=2025-09-26T03:04:43.244312622Z level=info msg="Starting DB migrations"
logger=resource-migrator t=2025-09-26T03:04:43.26454374Z level=info msg="migrations completed" performed=0 skipped=26 duration=53.636µs
logger=resource-migrator t=2025-09-26T03:04:43.266425826Z level=info msg="Unlocking database"
t=2025-09-26T03:04:43.270114203Z level=info caller=logger.go:214 time=2025-09-26T03:04:43.27007704Z msg="Using channel notifier" logger=sql-resource-server
logger=plugin.store t=2025-09-26T03:04:43.303361325Z level=info msg="Loading plugins..."
logger=plugins.registration t=2025-09-26T03:05:10.97546463Z level=error msg="Could not register plugin" pluginId=table error="plugin table is already registered"
logger=plugins.initialization t=2025-09-26T03:05:10.977311074Z level=error msg="Could not initialize plugin" pluginId=table error="plugin table is already registered"
logger=plugins.registration t=2025-09-26T03:05:13.30604583Z level=info msg="Plugin registered" pluginId=grafana-exploretraces-app
logger=plugins.registration t=2025-09-26T03:05:15.518116896Z level=info msg="Plugin registered" pluginId=grafana-lokiexplore-app
logger=plugins.registration t=2025-09-26T03:05:17.38320979Z level=info msg="Plugin registered" pluginId=grafana-metricsdrilldown-app
logger=plugins.registration t=2025-09-26T03:05:18.309448556Z level=info msg="Plugin registered" pluginId=grafana-pyroscope-app
logger=plugin.store t=2025-09-26T03:05:18.309635511Z level=info msg="Plugins loaded" count=57 duration=35.007870033s
logger=caching.service t=2025-09-26T03:05:18.326036735Z level=info msg="Caching service is disabled"
logger=query_data t=2025-09-26T03:05:18.749677895Z level=info msg="Query Service initialization"
logger=live.push_http t=2025-09-26T03:05:18.8155917Z level=info msg="Live Push Gateway initialization"
logger=ngalert.notifier component=alertmanager orgID=1 t=2025-09-26T03:05:18.846073686Z level=info msg="Applying new configuration to Alertmanager" configHash=d2c56faca6af2a5772ff4253222f7386
logger=ngalert.writer t=2025-09-26T03:05:18.880291668Z level=info msg="Setting up remote write using data sources" timeout=10s default_datasource_uid=
logger=ngalert t=2025-09-26T03:05:18.888139377Z level=info msg="Using simple database alert instance store"
logger=ngalert.state.manager.persist t=2025-09-26T03:05:18.888482647Z level=info msg="Using sync state persister"
logger=infra.usagestats.collector t=2025-09-26T03:05:19.055438379Z level=info msg="registering usage stat providers" usageStatsProvidersLen=3
logger=grafanaStorageLogger t=2025-09-26T03:05:19.063706528Z level=info msg="Storage starting"
logger=ngalert.multiorg.alertmanager t=2025-09-26T03:05:19.06374556Z level=info msg="Starting MultiOrg Alertmanager"
logger=ngalert.state.manager t=2025-09-26T03:05:19.063310021Z level=info msg="Warming state cache for startup"
logger=report t=2025-09-26T03:05:19.089698971Z level=warn msg="Scheduling and sending of reports disabled, SMTP is not configured and enabled. Configure SMTP to enable."
logger=ngalert.state.manager t=2025-09-26T03:05:19.183465159Z level=info msg="State cache has been initialized" states=0 duration=120.15103ms
logger=ngalert.scheduler t=2025-09-26T03:05:19.183772066Z level=info msg="Starting scheduler" tickInterval=10s maxAttempts=3
logger=ticker t=2025-09-26T03:05:19.193425321Z level=info msg=starting first_tick=2025-09-26T03:05:20Z
logger=provisioning.alerting t=2025-09-26T03:05:19.213872241Z level=info msg="starting to provision alerting"
logger=provisioning.alerting t=2025-09-26T03:05:19.214184878Z level=info msg="finished to provision alerting"
logger=provisioning.dashboard t=2025-09-26T03:05:19.224070659Z level=info msg="starting to provision dashboards"
logger=provisioning.dashboard t=2025-09-26T03:05:19.224288541Z level=info msg="finished to provision dashboards"
logger=grafana.update.checker t=2025-09-26T03:05:19.254695351Z level=info msg="Update check succeeded" duration=191.085237ms
logger=http.server t=2025-09-26T03:05:19.264866507Z level=info msg="HTTP Server Listen" address=[::]:3000 protocol=http subUrl= socket=
logger=grafana-apiserver t=2025-09-26T03:05:19.474063782Z level=info msg="Adding GroupVersion userstorage.grafana.app v0alpha1 to ResourceManager"
logger=grafana-apiserver t=2025-09-26T03:05:19.475141587Z level=info msg="Adding GroupVersion features.grafana.app v0alpha1 to ResourceManager"
logger=grafana-apiserver t=2025-09-26T03:05:19.479923359Z level=info msg="Adding GroupVersion notifications.alerting.grafana.app v0alpha1 to ResourceManager"
logger=grafana-apiserver t=2025-09-26T03:05:19.486520141Z level=info msg="Adding GroupVersion playlist.grafana.app v0alpha1 to ResourceManager"
logger=grafana-apiserver t=2025-09-26T03:05:19.494748679Z level=info msg="Adding GroupVersion dashboard.grafana.app v1beta1 to ResourceManager"
logger=grafana-apiserver t=2025-09-26T03:05:19.496049166Z level=info msg="Adding GroupVersion dashboard.grafana.app v0alpha1 to ResourceManager"
logger=grafana-apiserver t=2025-09-26T03:05:19.497135792Z level=info msg="Adding GroupVersion dashboard.grafana.app v2alpha1 to ResourceManager"
logger=grafana-apiserver t=2025-09-26T03:05:19.49913391Z level=info msg="Adding GroupVersion folder.grafana.app v1beta1 to ResourceManager"
logger=grafana-apiserver t=2025-09-26T03:05:19.503201643Z level=info msg="Adding GroupVersion iam.grafana.app v0alpha1 to ResourceManager"
logger=app-registry t=2025-09-26T03:05:19.645978579Z level=info msg="app registry initialized"
logger=plugins.update.checker t=2025-09-26T03:05:19.685934574Z level=info msg="Update check succeeded" duration=622.271354ms
logger=context userId=0 orgId=0 uname= t=2025-09-26T03:05:26.339174624Z level=info msg="Request Completed" method=GET path=/api/live/ws status=401 remote_addr=[::1] time_ms=109 duration=109.081452ms size=105 referer= handler=/api/live/ws status_source=server errorReason=Unauthorized errorMessageID=session.token.rotate error="token needs to be rotated"
logger=context userId=0 orgId=0 uname= t=2025-09-26T03:05:34.430716863Z level=info msg="Request Completed" method=GET path=/connections/datasources status=302 remote_addr=[::1] time_ms=2 duration=2.678399ms size=87 referer=http://localhost:3000/login handler=/connections/datasources status_source=server
logger=context userId=0 orgId=0 uname= t=2025-09-26T03:05:34.543914368Z level=info msg="Request Completed" method=GET path=/user/auth-tokens/rotate status=302 remote_addr=[::1] time_ms=107 duration=107.680527ms size=47 referer=http://localhost:3000/login handler=/user/auth-tokens/rotate status_source=server
logger=context userId=1 orgId=1 uname=admin t=2025-09-26T03:05:36.513685684Z level=info msg="Request Completed" method=GET path=/api/live/ws status=-1 remote_addr=[::1] time_ms=13 duration=13.765733ms size=0 referer= handler=/api/live/ws status_source=server
logger=infra.usagestats t=2025-09-26T03:06:19.081416711Z level=info msg="Usage stats are ready to report"
logger=cleanup t=2025-09-26T03:15:19.142629664Z level=info msg="Completed cleanup jobs" duration=103.773232ms
logger=plugins.update.checker t=2025-09-26T03:15:20.229710739Z level=info msg="Update check succeeded" duration=583.616174ms
logger=context userId=1 orgId=1 uname=admin t=2025-09-26T03:17:37.819933701Z level=info msg="Request Completed" method=GET path=/api/live/ws status=-1 remote_addr=[::1] time_ms=12 duration=12.525538ms size=0 referer= handler=/api/live/ws status_source=server
logger=context userId=1 orgId=1 uname=admin t=2025-09-26T03:17:53.357925754Z level=info msg="Request Completed" method=GET path=/apis/provisioning.grafana.app/v0alpha1/namespaces/default/settings status=404 remote_addr=[::1] time_ms=33 duration=33.67812ms size=19 referer="http://localhost:3000/dashboard/new?editPanel=1&from=now-6h&orgId=1&timezone=browser&to=now" handler=/apis/* status_source=server
logger=live t=2025-09-26T03:18:03.540088949Z level=info msg="Initialized channel handler" channel=grafana/dashboard/uid/0515835a-9299-45b8-b380-83eca8f77fae address=grafana/dashboard/uid/0515835a-9299-45b8-b380-83eca8f77fae
logger=context userId=1 orgId=1 uname=admin t=2025-09-26T03:20:52.33505058Z level=info msg="Request Completed" method=GET path=/api/live/ws status=-1 remote_addr=[::1] time_ms=11 duration=11.984827ms size=0 referer= handler=/api/live/ws status_source=server
logger=cleanup t=2025-09-26T03:25:19.209207804Z level=info msg="Completed cleanup jobs" duration=209.406578ms
logger=plugins.update.checker t=2025-09-26T03:25:20.2219927Z level=info msg="Update check succeeded" duration=615.447243ms
logger=context userId=1 orgId=1 uname=admin t=2025-09-26T03:34:50.055154194Z level=info msg="Request Completed" method=GET path=/apis/provisioning.grafana.app/v0alpha1/namespaces/default/settings status=404 remote_addr=[::1] time_ms=18 duration=18.092204ms size=19 referer="http://localhost:3000/dashboard/new?editPanel=1&from=2025-09-26T03%3A22%3A48.881Z&orgId=1&timezone=browser&to=2025-09-26T03%3A54%3A48.881Z" handler=/apis/* status_source=server
logger=context userId=1 orgId=1 uname=admin t=2025-09-26T03:35:00.00599401Z level=info msg="Request Completed" method=GET path=/api/live/ws status=-1 remote_addr=[::1] time_ms=16 duration=16.27601ms size=0 referer= handler=/api/live/ws status_source=server
logger=live t=2025-09-26T03:35:00.012076409Z level=info msg="Initialized channel handler" channel=grafana/dashboard/uid/ebefa558-1c69-4738-aacc-15306de0b74e address=grafana/dashboard/uid/ebefa558-1c69-4738-aacc-15306de0b74e
logger=cleanup t=2025-09-26T03:35:19.036936951Z level=info msg="Completed cleanup jobs" duration=74.595537ms
logger=plugins.update.checker t=2025-09-26T03:35:20.171101691Z level=info msg="Update check succeeded" duration=601.616911ms
logger=server t=2025-09-26T03:35:21.514820856Z level=info msg="Shutdown started" reason="System signal: interrupt"
logger=tracing t=2025-09-26T03:35:21.517134269Z level=info msg="Closing tracing"
logger=ticker t=2025-09-26T03:35:21.517579482Z level=info msg=stopped last_tick=2025-09-26T03:35:20Z
logger=grafana-apiserver t=2025-09-26T03:35:21.51893076Z level=info msg="StorageObjectCountTracker pruner is exiting"
